product_id,genres,year
garmin-forerunner-965-day-silicone,Affordable|Versatile,2026
zenbos-k-200,Well-designed|Reliable|Versatile|Durable,2023
casio-mtp-v004g-7budf-nam,Versatile|Powerful,2021
elio-es132-03-nu,Compact|Versatile,2020
laser-trang-den-hp-laserjet-mfp-m236sdw-9yg09a,High-quality|Modern|User-friendly,2020
casio-aeq-110w-1avdf-den?utm_flashsale=1,Powerful|Versatile|User-friendly,2026
citizen-eg7055-51e-nu?utm_flashsale=1,Versatile|Well-designed,2020
acer-nitro-v-15-anv15-41-r2up-r5-nhqpgsv004,Durable,2020
nokia-110-4g-pro,High-quality|Well-designed|Reliable,2023
smile-kid-sl124-03-tre-em,Well-designed|Versatile,2020
q-q-m123j001y-nam?utm_flashsale=1,Reliable|Powerful,2024
mww-ml043-01-nam?utm_flashsale=1,Reliable,2020
elio-el022-c2-nu,High-quality|Reliable|Powerful,2022
cap-type-c-type-c-2m-baseus-glimmer-cb000025,High-quality|Modern|Durable,2020
tai-nghe-co-day-ep-ava-livebass-e1,High-quality|Well-designed|Compact,2026
q-q-c11a-015py-nu,Reliable|Powerful,2024
elio-el103-01-nu?utm_flashsale=1,High-quality|Durable|Affordable|Compact,2022
loa-bluetooth-jbl-go-4?utm_flashsale=1,Well-designed,2026
elio-es040-01-nu,Versatile|Durable,2023
mvw-ml036-01-nam?utm_flashsale=1,Affordable|Powerful,2026
elio-el100-02-nu?utm_flashsale=1,Affordable,2020
loa-keo-karaoke-nanomax-s-820-400w,Powerful|Affordable,2021
loa-karaoke-nanomax-s-5000,Modern|Versatile|User-friendly,2026
tai-nghe-bluetooth-open-ear-tws-ava-freego-ows02?utm_flashsale=1,Modern|User-friendly|Versatile,2026
acer-aspire-5-a515-58gm-51lb-i5-nxkq4sv002,High-quality|Versatile|Modern|Compact,2025
samsung-galaxy-a56,Reliable|User-friendly,2026
casio-mtp-1374d-1avdf-nam,Affordable|Reliable,2024
q-q-s397j212y-nu?utm_flashsale=1,Modern|Affordable,2022
elio-el006-01-nu?utm_flashsale=1,Modern|Durable|Reliable|Powerful,2024
elio-ess11-02-unisex,Compact|Durable|Versatile,2021
cap-micro-2m-xmobile-dr-m03,Durable|Well-designed,2021
dalton-ts-18g850x,Modern|Powerful,2025
oppo-reno12-f-5g-12gb-256gb,Powerful|Modern,2020
casio-la680wa-7df-bac,Reliable,2023
camera-ip-360-do-4mp-ezviz-h6c-pro?utm_flashsale=1,User-friendly|Durable|Reliable,2023
tai-nghe-bluetooth-true-wireless-rezo-air-5-deluxe-anc?utm_flashsale=1,Powerful|Durable|Affordable,2020
bo-adapter-sac-kem-cap-type-c-type-c-pd-45w-samsung-ep-t4510x,Modern|Versatile,2024
loa-thanh-samsung-hw-c450-xv,Compact|Affordable|Durable,2024
huawei-watch-fit-4?utm_flashsale=1,Well-designed,2026
tai-nghe-bluetooth-soundpeats-free-2-classic,Well-designed,2024
ep-gaming-asus-rog-cetra-ii-core-den,Modern|High-quality|Compact,2020
pin-sac-du-phong-20000mah-type-c-pd-qc-3-0-22-5w-xmobile-ym-672-den,Well-designed|Powerful|High-quality|User-friendly,2023
casio-mtp-vt01gl-1b2udf-nam,Affordable|Versatile|Reliable,2025
tai-nghe-bluetooth-true-wireless-soundcore-r50i-a3959?utm_flashsale=1,Reliable|Well-designed|User-friendly,2024
loa-bluetooth-rezo-play-pro,Modern|Well-designed|Durable|High-quality,2022
day-rz31-00a-da-nau-cam,Modern|High-quality|Powerful,2026
loa-bluetooth-monster-superstar-s320,Powerful|Well-designed|Compact|High-quality,2026
cap-type-c-lightning-mfi-0-9m-anker-322-a81b5?utm_flashsale=1,Reliable,2023
elio-es123-02-nu?utm_flashsale=1,Affordable|User-friendly|Powerful|Durable,2020
day-dong-ho-size-44mm-m01-03-44,User-friendly|Affordable,2024
day-mvw-sl100-02-da-xanh-ngoc,Modern|High-quality,2024
mykid-4g-lite,Modern|High-quality,2026
g-shock-gm-2100-1adr-nam,Durable|High-quality|User-friendly,2020
chuot-khong-day-gaming-asus-tuf-m4-wl,Powerful|Affordable,2024
cap-micro-20cm-ava-hku601,Well-designed,2026
elio-el123-02-nu?utm_flashsale=1,Reliable,2022
elio-es064-02-nu,Affordable|User-friendly|Compact|High-quality,2023
baseus-comet-pro-30w-comet-pro-e0027y-kem-cap-lightning-va-type-c,Reliable|High-quality|Modern,2024
samsung-galaxy-s25-ultra,Powerful|Versatile|Affordable,2026
mvw-ml051-01-nam?utm_flashsale=1,User-friendly|Affordable|Reliable|Durable,2024
cap-type-c-1m-xmobile-l2205?utm_flashsale=1,Affordable|Well-designed,2020
cap-3-dau-lightning-type-c-micro-evalu-spanker-b2,Reliable|Powerful|Compact|User-friendly,2025
casio-mtp-v004d-7b2udf-nam?utm_flashsale=1,User-friendly,2022
oppo-a5-pro,User-friendly|Durable|Reliable|Versatile,2021
dong-ho-eco-drive-nam-day-kim-loai-citizen-bm7400,Compact|Reliable|High-quality|Versatile,2026
may-in-laser-brother-hl-l2321d,Versatile|User-friendly|Well-designed,2020
elio-el032-01-unisex,Reliable|Well-designed,2022
iphone-16,Reliable|High-quality,2026
citizen-ar1133-23a?utm_flashsale=1,Powerful|Well-designed|Affordable,2026
casio-mtp-1384d-7avdf-nam,User-friendly|Well-designed,2025
cap-lightning-1m-xmobile-l2205?utm_flashsale=1,Compact|Reliable|High-quality|Modern,2026
chuot-khong-day-silent-rapoo-b2s,High-quality|Versatile,2025
chuot-co-day-silent-rapoo-n1200-den,High-quality,2025
elio-el038-01-nu,User-friendly|Compact,2021
edifice-casio-efv-c100d-1avdf-nam,Compact,2026
vivo-v50-lite-5g?utm_flashsale=1,Reliable,2023
citizen-nh8350-08e-den,Modern,2024
casio-mtp-1314d-7avdf-nam,Powerful,2022
masstel-smart-hero-6?utm_flashsale=1,Versatile,2026
dong-ho-nam-casio-w-800hg-9avdf?utm_flashsale=1,Reliable|Powerful|Well-designed|High-quality,2024
nhet-tai-samsung-ia500-den,User-friendly,2023
xiaomi-redmi-note-14-8gb-128gb,Modern|Affordable,2022
tai-nghe-bluetooth-true-wireless-gaming-asus-rog-cetra,Modern,2023
camera-ip-ngoai-troi-3mp-tp-link-tapo-tc65,User-friendly|Durable|Reliable|Affordable,2020
smile-kid-sl215l-9-tre-em,Compact,2022
camera-ip-360-do-3mp-imou-ranger-rc-gk2cp-3c0wr,Versatile|Powerful|Affordable|Well-designed,2025
cap-lightning-xmobile-ljet-l11?utm_flashsale=1,Powerful|Reliable|Well-designed,2020
citizen-nh8350-08a-trang?utm_flashsale=1,Compact|Modern|Versatile,2025
loa-bluetooth-klipsch-gig-xxl,Affordable|Compact|Durable,2023
ban-phim-co-bluetooth-dareu-ek75-pro,High-quality,2022
xiaomi-watch-s4,User-friendly|High-quality|Reliable|Versatile,2021
oppo-reno13-f-5g,User-friendly|Well-designed|Durable,2025
asus-vivobook-go-15-e1504fa-r5-nj776w,User-friendly|Well-designed|High-quality,2020
g-shock-gba-900-1adr-nam,Versatile|Compact|Modern|Well-designed,2020
orient-fac00009w0-nam-co-tu-dong,Versatile,2026
mww-ml035-01-nam?utm_flashsale=1,Well-designed,2026
cap-type-c-type-c-1m-baseus-coolplay-cb000047,Modern|Affordable|High-quality,2022
tai-nghe-true-wireless-anker-liberty-2-pro-a3909,Powerful|High-quality,2024
usb-wifi-ac650-mercusys-mu6h-den,Durable|Versatile|Reliable,2021
cap-type-c-lightning-xmobile-lpdc-21?utm_flashsale=1,High-quality|User-friendly,2020
repeater-mo-rong-song-wifi-chuan-n-xiaomi-pro-ce-r03-den,Compact|High-quality|Durable,2026
pin-sac-du-phong-polymer-20000mah-type-c-pd-qc-3-0-22-5w-xmobile-a16-xanh,High-quality|Affordable|Modern,2026
mvw-ml062-01-nam?utm_flashsale=1,Affordable|Versatile,2025
loa-bluetooth-sony-ult-field-1,Well-designed,2025
nakzen-sl9006g-7-nam?utm_flashsale=1,Reliable|High-quality,2024
cap-lightning-1m-ava-kalf?utm_flashsale=1,Durable|Powerful|Versatile,2024
cap-type-c-type-c-1m-baseus-glimmer-cb000025,Durable|Versatile|Modern|Powerful,2023
bo-phat-wifi-di-dong-4g-lte-286mbps-tenda-4g180-v4,Reliable|Affordable|Modern|Powerful,2020
citizen-nh9130-17a-nam,Well-designed|Durable,2023
adapter-sac-type-c-pd-25w-samsung-ep-t2510n,Affordable,2022
adapter-sac-type-c-pd-20w-ava-cs-chg078?utm_flashsale=1,Powerful|Affordable,2021
usb-wifi-chuan-ac600-bluetooth-4-2-tp-link-archer-t2ub-nano,Compact|Powerful|Reliable,2024
elio-el091-01-nu,Reliable|Well-designed|Powerful,2021
huawei-watch-fit-3,Reliable|Compact|Modern|Powerful,2020
mvw-msca002-01-s3-nam,Affordable,2022
chuot-bluetooth-silent-logitech-m240?utm_flashsale=1,Compact|High-quality|Affordable,2020
chuot-co-day-gaming-asus-tuf-m3-gen-ii,Affordable|Modern|User-friendly|Compact,2026
xiaomi-redmi-15-8gb-128gb,Compact|Well-designed|Affordable,2026
cap-lightning-mfi-1m-mbest-ds950-wb,Compact,2020
citizen-em0990-81y-nu,User-friendly|High-quality|Versatile|Reliable,2022
smile-kid-sl223l-4-tre-em,User-friendly|High-quality|Versatile|Modern,2020
cap-lightning-20cm-ava-kalf,Compact|Durable|Well-designed|Reliable,2022
citizen-eq0596-87a-trang,User-friendly|Reliable,2026
nokia-3210-4g,Powerful|Affordable,2021
citizen-nh8350-83a-trang,Modern|Well-designed|High-quality,2021
casio-mtp-1303d-1avdf-nam,Affordable,2024
elio-es041-01-nu,High-quality,2024
g-shock-gm-s2100pg-1a4dr-nu,Affordable|Modern,2023
dong-ho-nam-orient-ra-ag0027y10b?utm_flashsale=1,High-quality|Durable,2020
dan-am-thanh-sony-ht-s40r,Affordable|Durable,2023
vivo-y03?utm_flashsale=1,Well-designed|User-friendly,2025
hop-muc-brother-tn-b022-danh-cho-brother-dcp,Powerful|Well-designed|Versatile,2026
smile-kid-sl129-02-tre-em,Modern|Versatile|Well-designed,2022
adapter-sac-3-cong-usb-type-c-pd-65w-samsung-ep-t6530n,Well-designed|Affordable|Modern,2026
loa-thanh-samsung-hw-t420,Modern|High-quality,2025
tai-nghe-bluetooth-true-wireless-samsung-galaxy-buds-fe-r400n?utm_flashsale=1,User-friendly|Versatile,2023
hp-pavilion-15-eg2088tu-i7-7c0r0pa?utm_flashsale=1,Well-designed,2025
citizen-bm8550-81a-nam,Modern,2021
day-da-dong-ho-l016-03-16-nau-size-16mm,Well-designed|Compact|Modern|High-quality,2024
elio-es100-01-nu?utm_flashsale=1,Affordable,2026
elio-el117-02-nu?utm_flashsale=1,Well-designed,2026
birici-mx-700,Affordable,2026
mvw-ml058-01-nam?utm_flashsale=1,High-quality,2023
casio-mtp-1374l-1avdf-nam,Powerful|Versatile|High-quality|Modern,2021
xiaomi-redmi-note-14-5g,High-quality|Well-designed,2025
loa-bluetooth-rezo-play,Durable|Affordable,2024
elio-el068-01-nam?utm_flashsale=1,User-friendly|Well-designed|Durable|Powerful,2025
loa-thanh-lg-sc9s,Powerful,2021
citizen-nh8350-59l-xanh?utm_flashsale=1,Durable|Well-designed|High-quality,2022
casio-ltp-v005gl-7audf-nau,Modern,2025
chuot-khong-day-logitech-m171,Durable,2023
mvw-ml073-01-nam?utm_flashsale=1,Reliable|User-friendly|Versatile|Compact,2024
vieon-vip-06-thang-chinh-hang,Affordable,2025
chuot-co-day-gaming-rapoo-v16s,Versatile|Durable|Compact,2024
garmin-forerunner-55-day-silicone-den?utm_flashsale=1,High-quality|Affordable,2021
pin-sac-du-phong-10000mah-type-c-pd-samsung-eb-p3400,User-friendly,2025
q-q-s396j212y-nam?utm_flashsale=1,Well-designed|Versatile|Affordable,2023
cap-lightning-1m-xmobile-dr-l001x-do-den?utm_flashsale=1,Durable|User-friendly,2022
bluetooth-harman-kardon-soundsticks-4,Powerful|Well-designed,2020
q-q-s398j301y-nam,Powerful|Versatile,2021
orient-fag03002b0-nam-co-tu-dong,Reliable|Powerful|Versatile|Well-designed,2021
day-da-dong-ho-l018-01-12-nau-bo-size-12mm,Modern|Reliable|Affordable,2023
sac-xe-hoi-2-cong-24a-xmobile-sn-177-den,Compact|User-friendly|Durable|Well-designed,2024
citizen-bi5120-51x-nam?utm_flashsale=1,Compact|Modern|Powerful,2026
elio-es115-02-nu?utm_flashsale=1,User-friendly|Well-designed|Durable|Modern,2024
casio-ltp-v004gl-9audf-nu?utm_flashsale=1,Well-designed|Versatile|Powerful,2021
orient-ra-aa0818l19b-nam,High-quality|Reliable|Compact,2024
orient-ra-ag0005l10b-nam-co-tu-dong?utm_flashsale=1,Compact|High-quality|Affordable,2022
cap-lightning-1m-xmobile-ltl-01x-xanh-reu,Modern|Versatile,2021
mvw-ml071-01-nam?utm_flashsale=1,Well-designed,2023
dong-ho-nam-mvw-ml063-01?utm_flashsale=1,Modern|User-friendly|Reliable,2025
dong-ho-nam-citizen-bi5000-87l-trang?utm_flashsale=1,Compact|Powerful,2020
tai-nghe-bluetooth-true-wireless-ava-buds-life-air-3?utm_flashsale=1,Affordable|Reliable|Modern|User-friendly,2025
casio-mtp-v001l-7budf-nam,Reliable|User-friendly,2020
honor-400-lite,Modern,2023
loa-bluetooth-rezo-go-more-1,Modern|Compact|User-friendly,2023
elio-es028-01-nu,User-friendly|High-quality|Well-designed,2026
casio-mtp-1375l-1avdf-nam,Affordable|Compact|Durable|User-friendly,2023
msi-gf63-thin-12ve-i5-460vn?utm_flashsale=1,Well-designed|Versatile,2024
casio-ltp-v001d-1budf-bac,Compact|Affordable,2025
smile-kid-sl094-01-tre-em,Durable|Reliable|Powerful|User-friendly,2020
tai-nghe-bluetooth-tws-xiaomi-redmi-buds-6-lite,Well-designed,2024
sac-du-phong-polymer-10000mah-khong-day-magnetic-type-c-20w-xmobile-jp331,User-friendly|Modern,2021
iphone-16-pro-max,User-friendly|Well-designed|Affordable,2021
elio-el086-02-nu,Versatile,2025
asus-asus-vivobook-15-oled-a1505za-i5-ma415w,Versatile|Modern|Durable,2023
elio-es129-01-nu?utm_flashsale=1,High-quality|Compact,2026
mvw-ml051-02-nam,Compact|User-friendly,2026
masstel-s9,Powerful,2024
elio-el062-01-nam?utm_flashsale=1,Well-designed,2023
tai-nghe-bluetooth-true-wireless-havit-tw943-pro,User-friendly|Durable,2021
iphone-16-plus,Affordable,2025
baby-g-ba-110ga-7a1dr-trang?utm_flashsale=1,Modern|Versatile|Reliable,2022
cap-lightning-1m-xmobile-al31-1000,Reliable|User-friendly|Compact,2024
edifice-casio-efr-526d-7avudf-bac,Durable|Affordable,2022
elio-el124-01-nu,User-friendly,2022
tai-nghe-nhet-tai-ep-sony-mdr-ex155ap,Versatile|Well-designed,2020
ban-phim-co-day-gaming-rapoo-v50s,User-friendly|Compact|Powerful,2022
tai-nghe-bluetooth-true-wireless-ava-go-f25,Powerful|Compact,2020
g-shock-ga-110mmc-1adr-nam?utm_flashsale=1,Affordable|Well-designed|Durable|High-quality,2024
pin-sac-du-phong-20000mah-type-c-pd-45w-samsung-eb-p4520,Powerful,2024
eset-nod32-antivirus-cho-windows-1-pc,Affordable|Modern,2025
elio-el123-03-nu?utm_flashsale=1,Powerful|User-friendly|Versatile,2021
casio-hdc-700-9avdf-den,Well-designed|User-friendly|Modern|Powerful,2021
samsung-galaxy-a16-5g?utm_flashsale=1,Well-designed|Compact|Powerful|Durable,2020
microsoft-365-personal-32-64bit-1-nam-1-user-win-m,Versatile|Powerful|Reliable|Affordable,2023
laser-trang-den-hp-laserjet-m211d-9yf82a,Well-designed|Powerful,2022
tai-nghe-tws-xiaomi-redmi-buds-6,High-quality|Modern,2021
tai-nghe-co-day-ava-livebass-s1019?utm_flashsale=1,Powerful|Modern|User-friendly,2025
tai-nghe-co-day-ep-ava-pc-25,High-quality|Well-designed,2024
camera-ip-360-do-2mp-tp-link-tapo-c200c,Modern|Affordable|Compact|Versatile,2025
tai-nghe-day-ep-type-c-ava-livebass-e4,User-friendly|Durable|Powerful,2022
co-day-gaming-asus-tuf-k1,Well-designed|Reliable|Affordable|Versatile,2026
samsung-galaxy-a55-5g-8-256,Affordable|User-friendly|Powerful,2020
loa-bluetooth-jbl-partybox-320,User-friendly|Powerful|Versatile|Durable,2023
orient-ra-as0101s10b-nam,Modern|Versatile|High-quality,2024
router-wifi-chuan-ac1200-tp-link-archer-c54,Compact,2025
elio-es117-01-nu,Durable,2026
tai-nghe-co-day-hp-hyperx-cloud-earbuds-ii,Durable|Reliable|Compact,2025
bluetooth-jbl-charge-5,Reliable|Versatile|Compact|Affordable,2022
cap-type-c-ava-ds07?utm_flashsale=1,Well-designed|Affordable,2022
casio-ltp-vt01gl-4budf-nu?utm_flashsale=1,Durable|Reliable,2021
usb-wifi-bang-tan-kep-ac650-tenda-u10,Powerful|Well-designed|User-friendly,2025
casio-ltp-1129a-7ardf-bac?utm_flashsale=1,User-friendly,2026
elio-el062-02-nu?utm_flashsale=1,Durable|Powerful,2021
q-q-mmw3p101y-nam?utm_flashsale=1,Modern,2025
mobell-m331,Affordable|Versatile,2022
elio-el130-02-nu,Reliable|Powerful,2025
cap-type-c-lightning-2m-xmobile-l2145?utm_flashsale=1,Affordable|Compact|User-friendly|Versatile,2020
xiaomi-redmi-note-14-pro?utm_flashsale=1,Affordable|Reliable,2026
elio-el116-02-nam?utm_flashsale=1,Modern|Versatile,2023
loa-bluetooth-xiaomi-sound-outdoor?utm_flashsale=1,Powerful|Modern,2024
loa-bluetooth-xiaomi-sound-pocket?utm_flashsale=1,Affordable|Modern|High-quality,2020
elio-es051-01-nu,High-quality|Affordable,2024
vi-tinh-microlab-b26-den,Modern|User-friendly|Affordable,2021
lenovo-ideapad-slim-3-16irh10-i5-83k20003vn,Powerful|Durable|Well-designed,2024
casio-hda-600b-1bvdf-den?utm_flashsale=1,Powerful|Durable|Modern|Affordable,2023
elio-el039-01-nu,Compact|Durable,2023
casio-mtp-v006l-7budf-nam?utm_flashsale=1,Powerful|Modern,2026
garmin-forerunner-265-music-day-silicone,Versatile|Reliable,2024
q-q-s398j202y-nam,Compact,2024
smile-kid-sl097-01-tre-em,Reliable,2026
elio-el083-02-nu?utm_flashsale=1,User-friendly|Versatile|High-quality,2025
casio-lrw-200h-2bvdf-trang,Well-designed,2026
casio-ae-1000w-3avdf-xanh-bo-doi?utm_flashsale=1,Reliable|Versatile,2025
camera-ip-360-do-3mp-tiandy-tc-h332n,Powerful|Durable|Modern,2020
cap-type-c-2m-ava-ds08c?utm_flashsale=1,Durable|High-quality|User-friendly|Modern,2024
iphone-16e?utm_flashsale=1,Reliable|High-quality|Versatile|Compact,2024
kidcare-s88-den?utm_flashsale=1,Affordable|Versatile,2023
masstel-izi-10,Affordable,2025
tai-nghe-co-day-ava-livebass-y232?utm_flashsale=1,Reliable|Well-designed|Modern|Affordable,2020
casio-a159wa-n1df-bac?utm_flashsale=1,High-quality|Modern|Durable,2022
tai-nghe-bluetooth-true-wireless-samsung-galaxy-buds-3-pro-r630n,Compact,2020
tai-nghe-bluetooth-true-wireless-marshall-motif-ii-a-n-c,High-quality|User-friendly,2022
edifice-casio-efr-526l-7avudf-nau,Well-designed|Compact|Reliable|High-quality,2023
masstel-smart-hero-10?utm_flashsale=1,Compact|Affordable|Versatile,2025
mvw-star-msa003-01n-nam,Reliable|Versatile|Powerful,2024
mobell-m239,Well-designed|Compact,2025
tai-nghe-bluetooth-airpods-pro-gen-2-magsafe-charge-usb-c-apple-mtjv3,Reliable|Well-designed|Powerful|Affordable,2026
orient-ra-ap0002s10b-nam-co-tu-dong?utm_flashsale=1,Durable,2023
mww-ml037-01-nam?utm_flashsale=1,Reliable|Versatile,2022
xiaomi-a27i-27-inch-fhd,High-quality|Reliable|Modern,2023
cap-type-c-lightning-1m-ava-l2206?utm_flashsale=1,Powerful|Reliable|Durable|Compact,2026
asus-vivobook-k3605zf-i5-rp745w?utm_flashsale=1,Reliable|Powerful|Compact,2024
sac-du-phong-polymer-20000mah-type-c-pd-qc-3-0-22-5w-xmobile-mh811,Compact|Powerful|Modern,2020
tai-nghe-bluetooth-true-wireless-soundcore-k20i-a3994,Modern,2022
cap-type-c-lightning-1m-xmobile-l2145?utm_flashsale=1,High-quality|User-friendly|Versatile|Compact,2025
mww-ms054-01-nam?utm_flashsale=1,High-quality|User-friendly,2024
adapter-sac-dual-type-c-35w-apple-mnwp3-trang,Versatile|Modern,2026
tai-nghe-bluetooth-chup-tai-jbl-tune-520bt,Versatile|Modern|Durable,2020
g-shock-dw-6900mma-2dr-den,Compact|High-quality|Well-designed,2020
smile-kid-sl070-02-tre-em?utm_flashsale=1,Compact,2025
tai-nghe-bluetooth-true-wireless-havit-tw947,Durable|Well-designed|Modern,2021
casio-w-800h-1avdf-nam?utm_flashsale=1,User-friendly,2023
elio-es118-01-nu?utm_flashsale=1,Durable|Powerful,2021
tcl-tab-11,Durable,2025
mww-ms050-01-nam?utm_flashsale=1,Affordable|Versatile,2026
phun-brother-bt5000m-do-danh-cho-brother-t310,Modern|Well-designed,2026
titan-1489sl02-nam,Compact,2021
dong-ho-nam-casio-f-91wm-9adf?utm_flashsale=1,Reliable,2025
cap-micro-ava-mu200,Durable|Reliable,2023
oppo-reno13-5g?utm_flashsale=1,User-friendly|Modern|Affordable,2023
mobell-m539,Compact,2024
smile-kid-sl082-01-tre-em,Powerful|Durable|User-friendly|Reliable,2022
casio-lws-2200h-4avdf-nu,Well-designed|User-friendly,2023
dong-ho-automatic-nam-day-kim-loai-citizen-nh8356-87a,Well-designed|Powerful,2024
cap-type-c-1m-ava-dr-t02?utm_flashsale=1,Versatile|Durable|Well-designed|Powerful,2024
elio-el033-01-nu?utm_flashsale=1,User-friendly,2026
dong-ho-nam-mvw-ml056-01,Powerful,2022
masstel-izi-t6,High-quality|Well-designed|Modern,2024
realme-c75-8gb-128gb?utm_flashsale=1,Reliable|High-quality,2025
msi-katana-15-b13vfk-i7-676vn,Compact|User-friendly|Powerful|Well-designed,2021
cap-micro-1m-xmobile-ltm-02-xanh-reu?utm_flashsale=1,Reliable|Well-designed|User-friendly|Affordable,2026
casio-lrw-200h-7bvdf-trang?utm_flashsale=1,Reliable|Powerful|Durable,2024
casio-ltp-1094e-7brdf-den,Compact,2026
casio-ltp-1094q-7b6rdf-nau?utm_flashsale=1,Compact|Powerful|Well-designed|High-quality,2020
casio-mtp-v300b-1audf-nam,Affordable|User-friendly|Modern|High-quality,2026
phun-brother-btd6000bk-den-danh-cho-brother-t310,Durable,2025
airpods-4-mxp63,User-friendly|Durable,2021
q-q-vq86j047y-nu,Modern,2020
orient-faa02005d9-nam-co-tu-dong,Affordable|Powerful,2025
mvw-mla088-01-nam?utm_flashsale=1,Powerful,2022
mvw-ml072-01-nam?utm_flashsale=1,High-quality|User-friendly|Reliable,2022
cap-type-c-type-c-1m-xmobile-dr-t09?utm_flashsale=1,Reliable|High-quality|Well-designed|Modern,2022
g-shock-ga-400gb-1a4dr-den?utm_flashsale=1,Affordable|Durable,2024
loa-dien-karaoke-dalton-ts-18a8500-3000w,Durable|High-quality|Reliable,2022
cap-type-c-20cm-xmobile-tc200b,Well-designed|Modern,2021
casio-w-218h-1avdf-nam,Well-designed,2026
loa-bluetooth-jbl-partybox-encore-2mic,Durable|Modern,2026
xiaomi-redmi-note-14-pro-plus-5g-12gb-512gb,Powerful|Reliable|Versatile|Affordable,2025
msi-gaming-gf63-thin-12ve-i5-460vn?utm_flashsale=1,Durable|Compact|Affordable,2026
adapter-sac-type-c-pd-20w-xmobile-ds602a?utm_flashsale=1,Durable|Reliable,2025
citizen-c7-nh8391-51e-nam,User-friendly|Reliable|Compact,2023
casio-ws-1700h-1avdf-nam,Durable|Modern|Compact|Versatile,2022
vivo-v60-12gb-256gb,Reliable|Powerful|Compact|High-quality,2023
elio-es013-01-nu,Powerful,2026
orient-fac0000bw0-nam-co-tu-dong,Durable|Reliable|High-quality|Well-designed,2021
casio-ltp-v002l-7b2udf-nau,User-friendly,2023
orient-fac08001t0-nam-co-tu-dong,Well-designed|User-friendly|Compact,2020
tai-nghe-bluetooth-true-wireless-xiaomi-redmi-buds-6-play,Powerful|Well-designed,2022
elio-el008-02-nu,Compact,2022
tai-nghe-bluetooth-chup-tai-zadez-gp-803b?utm_flashsale=1,User-friendly|High-quality|Affordable,2020
cap-3-dau-lightning-type-c-micro-1-2m-baseus-starspeed-cb000030,Well-designed|Powerful|User-friendly,2021
elio-es035-01-nu?utm_flashsale=1,Affordable|Reliable|High-quality,2021
redmi-watch-4?utm_flashsale=1,Modern|Well-designed|Durable|User-friendly,2026
tai-nghe-bluetooth-true-wireless-baseus-bowie-e20,Affordable|Durable,2024
mvw-glory-ml080-01-nam?utm_flashsale=1,Affordable|High-quality,2021
orient-fag03001d0-nam-co-tu-dong,Modern|Well-designed|Affordable,2020
q-q-s398j212y-nam,Well-designed|High-quality|Affordable|Reliable,2024
xiaomi-a24i-238-inch-fhd,Versatile|High-quality|Compact,2023
elio-el129-03-nu?utm_flashsale=1,Reliable,2023
mww-ms057-01-nam,Durable|Well-designed|Versatile,2020
ban-phim-co-day-gaming-dareu-lk145?utm_flashsale=1,Affordable,2025
casio-ltp-v006d-7b2udf-nu?utm_flashsale=1,Compact|High-quality|User-friendly,2025
q-q-vq86j029y-nu,Durable|Well-designed|Affordable,2023
adapter-sac-2-cong-type-c-pd-qc-3-0-20w-xmobile-dc02,Well-designed|Powerful|Versatile|Modern,2023
smile-kid-sl133-03-tre-em,Reliable,2024
casio-mtp-v005l-1b5udf-nam,Well-designed|Reliable|Versatile|Durable,2020
pin-sac-du-phong-polymer-10000mah-10-5w-ava-plus-gn-05,High-quality|Affordable,2020
mvw-ms077-02-nam,Modern|Reliable|High-quality|Affordable,2025
q-q-vq94j001y-unisex?utm_flashsale=1,High-quality|Durable|User-friendly|Compact,2023
repeater-wifi-ac220v-tp-link-tl-wa850re-trang,Reliable|Well-designed|Modern|High-quality,2025
mvw-msca002-03-s3-nam?utm_flashsale=1,Compact,2026
casio-ltp-1169n-7ardf-vang,Modern,2026
casio-w-218hc-4avdf-unisex,User-friendly|High-quality|Affordable|Durable,2023
casio-mtp-1374d-2avdf-nam,Versatile,2022
citizen-eu6070-51d-trang?utm_flashsale=1,Modern|High-quality|Well-designed|Powerful,2021
adapter-chuyen-doi-usb-c-5-in-1-baseus-ultrajoy-bs-oh150,Durable|Well-designed|Versatile|High-quality,2020
loa-vi-tinh-21-enkor-e700-den,Versatile|High-quality|Durable|Reliable,2023
adriatica-a3812-5183q-nu,Affordable,2026
citizen-aw1370-51f-trang-nam,Durable|Modern|Affordable,2021
elio-el086-03-nu,Compact|Modern,2026
chuot-bluetooth-silent-ugreen-mu001?utm_flashsale=1,User-friendly,2025
elio-el108-01-nu,Compact|High-quality|Reliable,2024
day-da-dong-ho-l002-03-16-nau-size-16mm,Compact,2022
casio-ltp-v006gl-7budf-nau?utm_flashsale=1,Versatile|Powerful|Durable|Compact,2026
casio-la670wa-7df-nu?utm_flashsale=1,Well-designed|Durable,2026
elio-es044-01-nu?utm_flashsale=1,Modern,2023
cap-lightning-1m-apple-mxly2,Versatile|Durable|Affordable|High-quality,2024
smile-kid-sl221l-2-tre-em,Powerful,2026
honor-x8b,Well-designed|Reliable,2020
vivo-v40-lite-8gb-256gb,Reliable|Compact,2026
usb-wifi-300-mbps-tp-link-tl-wn823n-den,Durable|Reliable,2022
smile-kid-sl017-01-tre-em,Versatile|Well-designed|User-friendly|Compact,2025
tai-nghe-bluetooth-true-wireless-ava-buds-life-rider-gt09,Affordable,2022
elio-el007-01-nu,Versatile|User-friendly|Affordable|Well-designed,2020
chuot-gaming-logitech-g102-gen2-lightsync,High-quality,2026
chuot-bluetooth-silent-rapoo-m320b,User-friendly|Well-designed,2025
sac-du-phong-10000mah-type-c-pd-qc-3-0-22-5w-xmobile-jp325,User-friendly|Versatile|Compact|Affordable,2026
kidcare-sight-s1?utm_flashsale=1,Compact|User-friendly,2024
dong-ho-automatic-nam-day-kim-loai-citizen-nh8365?utm_flashsale=1,Modern|Powerful|Versatile|Compact,2023
sac-du-phong-10000mah-typecpd-22-5w-baseus-ppmd10-cap-lightning-va-typec,Well-designed|Modern|Powerful|User-friendly,2023
g-shock-ga-140gb-1a2dr-nam,Reliable|Durable|Modern|Affordable,2021
samsung-galaxy-a36,User-friendly|Modern|High-quality|Powerful,2022
casio-ltp-1275sg-9adf-bac,Reliable|Durable|High-quality|Compact,2024
elio-el111-02-nu?utm_flashsale=1,Powerful,2021
dalton-ts-18a1500,Compact|Well-designed,2021
casio-ltp-1303d-4avdf-bac,Well-designed,2024
samsung-galaxy-watch6-classic-43mm?utm_flashsale=1,Affordable|Durable,2025
citizen-ca0690-88l,Durable,2023
loa-karaoke-xach-tay-dalton-ps-k25a,High-quality,2021
casio-mtp-1183e-7adf-nam?utm_flashsale=1,User-friendly|High-quality|Modern,2022
dong-ho-unisex-casio-f-91wm-7adf?utm_flashsale=1,Compact|Reliable|Durable|Versatile,2021
samsung-galaxy-s24-ultra-5g,High-quality|Durable|Reliable|Versatile,2021
may-in-laser-canon-lbp-6030w-wifi,Modern|Well-designed,2023
msi-pro-mp252l-24-5-inch-fhd-ips-100hz-1ms,High-quality|Powerful|Durable|Compact,2024
day-dong-ho-size-44mm-m02-02-44,Durable|High-quality|Versatile,2021
casio-mtp-1183q-9adf-nam?utm_flashsale=1,Modern,2024
camera-ip-ngoai-troi-360-do-2mp-tp-link-tapo-c500,Durable|Modern|Affordable,2024
elio-el012-01-nu,User-friendly|High-quality|Versatile,2023
chuot-khong-day-rapoo-m216-den,Affordable|High-quality,2022
tai-nghe-bluetooth-true-wireless-soul-s-live-30,Reliable|Well-designed|Affordable,2026
dell-inspiron-15-3520-i5-n5i5057w1,Versatile|User-friendly|Compact,2020
q-q-s398j302y-nam,Versatile|Well-designed|User-friendly|Affordable,2022
router-wifi-chuan-ac1200-tenda-ac6,Durable,2022
loa-karaoke-xach-tay-zenbos-k-180,Durable|Affordable|Modern|Well-designed,2021
smile-kid-sl128-02-tre-em,Powerful|Versatile|Reliable|User-friendly,2022
casio-ltp-v005l-7budf-den,Modern|Well-designed,2022
loa-bluetooth-baseus-aequr-30-air?utm_flashsale=1,Compact|Powerful|Modern,2026
smile-kid-sl219lm-1-tre-em,High-quality|Versatile,2023
chuot-khong-day-logitech-m185,Durable|Well-designed,2024
bo-mo-rong-song-wifi-ac1200-mercusys-ac1200-trang,Modern|Compact|Well-designed|Affordable,2020
loa-karaoke-xach-tay-sumico-bt-s52,Well-designed|Powerful,2024
nokia-hmd-105-4g,Modern|Affordable|Durable,2020
cap-type-c-lightning-1m-xmobile-lpdc-05-trang,Well-designed,2026
elio-el128-02-nu?utm_flashsale=1,Reliable|Well-designed|High-quality,2021
q-q-s284j101y-nam,Reliable,2026
adapter-sac-type-c-samsung-ep-t1510n-trang,Versatile|Powerful|Well-designed|Durable,2025
chuot-khong-day-silent-rapoo-m320?utm_flashsale=1,Affordable|Reliable,2023
casio-ltp-1129a-7brdf-bac?utm_flashsale=1,Well-designed|Compact,2025
loa-bluetooth-alpha-works-aw-w38,High-quality|Powerful,2023
casio-ltp-v001d-7budf-bac,Affordable,2020
tai-nghe-bluetooth-true-wireless-samsung-galaxy-buds-3-r530n,Powerful|Reliable,2021
casio-ltp-1302d-7a2vdf-bac,Compact|Durable|Versatile,2022
chuot-bluetooth-gaming-corsair-harpoon-rgb-den,Durable|Versatile|Compact,2026
baby-g-bg-169g-7bdr-trang?utm_flashsale=1,Versatile,2020
tai-nghe-bluetooth-tws-oppo-enco-air-4-pro-etea1,Modern|Reliable,2026
samsung-galaxy-watch7,User-friendly|Compact|Versatile|High-quality,2022
smile-kid-sl223l-3-tre-em,Modern|High-quality,2025
casio-mq-24-7e2ldf-den,Reliable,2026
mvw-ml081-01-nam?utm_flashsale=1,Powerful|Compact|Durable,2022
smile-kid-sl045-01-tre-em,Modern|Durable|User-friendly|High-quality,2022
amply-karaoke-paramax-ax-1800,User-friendly,2021
dell-inspiron-15-3520-i5-25p231,High-quality|Reliable|Durable,2024
elio-el044-01-nu?utm_flashsale=1,Modern,2022
orient-fag00001s0-nam-co-tu-dong,Compact|Reliable,2020
iphone-17-pro-max,High-quality|Versatile|User-friendly|Reliable,2022
tai-nghe-bluetooth-soundpeats-capsule-3-pro?utm_flashsale=1,Well-designed,2021
mvw-ms085-01-nam,High-quality,2023
may-in-phun-mau-canon-pixma-g1010,Durable|High-quality|Powerful,2022
q-q-m158j004y-nam,Affordable|Reliable|Well-designed,2026
casio-ltp-v004l-7audf-den,Affordable|Durable|Compact|High-quality,2022
smile-kid-sl221l-1-tre-em,Versatile|User-friendly|Reliable,2026
day-da-dong-ho-l002-04-18-nau-size-18mm,User-friendly|Well-designed,2021
day-da-dong-ho-size-18mm-nau-ls039-03,Powerful|Durable,2022
elio-el119-03-nu?utm_flashsale=1,Powerful,2023
edifice-ecb-40db-1adf-nam,Compact|High-quality|Reliable,2021
acer-aspire-3-a314-42p-r3b3-r7-nxksfsv001,Compact|User-friendly|Well-designed|Powerful,2023
q-q-m154j002y-unisex,Durable,2024
elio-el090-03-nu?utm_flashsale=1,Well-designed|High-quality|Modern,2025
lenovo-loq-gaming-15iax9-i5-83gs000jvn?utm_flashsale=1,Versatile|Powerful|Reliable|Modern,2026
pin-sac-du-phong-polymer-10000mah-type-c-15w-ava-jp399,Powerful,2021
asus-tuf-gaming-f15-fx507zc4-i5-hn229w,Modern|Versatile,2020
smile-kid-sl133-01-tre-em,User-friendly|Well-designed,2023
iphone-16-pro,Powerful,2021
mvw-ms084-02-nam,Reliable,2025
casio-ws-1400h-1bvdf-nam?utm_flashsale=1,Durable|Powerful,2022
cap-lightning-2m-ava-kalf-trang?utm_flashsale=1,Durable|Powerful|High-quality|Versatile,2021
loa-bluetooth-ava-go-z09,Powerful|Versatile|Affordable|Compact,2022
citizen-bi5090-09a-nam?utm_flashsale=1,User-friendly|Modern,2023
tai-nghe-bluetooth-true-wireless-ava-go-p310?utm_flashsale=1,Well-designed|Powerful|Affordable|Versatile,2022
q-q-qz81j202y-nu,Powerful|Modern,2023
q-q-c09a-001py-nu,Affordable|Modern|Compact|User-friendly,2023
casio-lw-204-4adf-nu?utm_flashsale=1,Durable,2022
citizen-eq9063-55a-nu,Compact|Well-designed|Modern,2026
hp-15-fd0234tu-i5-9q969pa,Powerful|Reliable|Durable,2021
elio-el004-01-nu,Durable,2020
elio-ess11-01-unisex,User-friendly|Well-designed|Affordable,2024
cap-type-c-20cm-ava-ds06cb-tb?utm_flashsale=1,Compact,2021
casio-b650wd-1adf-bac,Reliable|High-quality|Well-designed,2020
casio-ae-1200whd-1avdf-bac,Powerful|Affordable|Compact|Reliable,2026
elio-ess11-03-unisex,Versatile|Modern,2021
pin-sac-du-phong-polymer-10000mah-12w-ava-ds266c,Modern|Affordable,2022
cap-day-rut-type-c-type-c-1m-baseus-retractable-bright-mirror-cb000062,Affordable|Versatile|Modern|Powerful,2026
casio-hda-600b-7bvdf-den?utm_flashsale=1,Compact|Modern|Versatile,2020
casio-mtp-v002l-1budf-nam,Modern|User-friendly|Versatile|High-quality,2025
tai-nghe-bluetooth-true-wireless-ava-freego-w26,User-friendly,2024
citizen-nj0150-81a-nam?utm_flashsale=1,Reliable|User-friendly|Powerful,2025
camera-ip-360-do-3mp-imou-ta32cp-l-trang,Well-designed|Modern|Compact,2022
vivo-v40-5g?utm_flashsale=1,User-friendly|Reliable|Durable,2026
camera-ip-ngoai-troi-1080p-imou-bullet-2c-f22p,Well-designed,2022
masstel-fami-60s,Versatile|Affordable|Compact|Modern,2023
mykid-4g-v2-day-silicone,Compact,2025
smile-kid-sl070-01-tre-em,Modern|Affordable|Reliable,2023
oppo-reno12-5g-12gb-512gb,Affordable|High-quality,2025
elio-es132-01-nu?utm_flashsale=1,High-quality|Compact|User-friendly|Powerful,2023
orient-fgw01001w0-nam?utm_flashsale=1,High-quality|Affordable|Versatile|Modern,2025
smile-kid-sl023-01,User-friendly|Durable,2025
router-wifi-chuan-ac1200-xiaomi-4a-trang,Compact|Modern|Durable,2022
camera-ip-360-do-5mp-botslab-c221,User-friendly|Compact|High-quality|Reliable,2022
cap-type-c-1m-mbest-ds462x,Durable|User-friendly|Affordable|Powerful,2022
chuot-khong-day-genius-nx-7005-den,Reliable|Powerful,2022
dong-ho-nam-mvw-ms072-01,Affordable|Compact|Durable,2020
cap-type-c-type-c-0-9m-anker-544-bio-a80f1,Compact,2024
bo-adapter-chuyen-optical-rca-audio-xmobile-ds405,Durable,2022
cap-type-c-1m-xmobile-cn033?utm_flashsale=1,Durable|Reliable,2025
smile-kid-sl133-04-tre-em,Reliable,2025
citizen-eq0595-55a-nu,User-friendly|Affordable|Versatile|High-quality,2025
loa-karaoke-dalton-ts-12g450x,Modern|Compact|Reliable|User-friendly,2020
elio-ec012-02-nu,Versatile|User-friendly|Well-designed|Compact,2025
samsung-galaxy-tab-a9-plus-5g,Modern|User-friendly,2023
elio-es095-01-nu,Versatile|Powerful|Affordable|User-friendly,2026
mvw-ms067-01-nam,High-quality|Modern|Compact|Durable,2022
loa-karaoke-xach-tay-jammy-n2070k,High-quality|Versatile,2022
day-mvw-sl101-01-da-nau,Powerful|Compact,2026
chuot-co-day-zadez-m213-den,Durable,2026
pin-sac-du-phong-10000mah-type-c-pd-qc-3-0-33w-xiaomi-pb1033mi,Affordable|Compact|Modern|High-quality,2026
day-da-dong-ho-18mm-den-ls040-01,Powerful,2020
redmi-pad-se-8-7-wifi-4gb-64gb,High-quality|User-friendly,2020
casio-lq-142e-9adf-den,Powerful|Modern|Compact|User-friendly,2022
may-in-laser-brother-hl-l2366dw,Versatile,2026
mvw-star-msa003-03n-nam,Versatile,2022
tai-nghe-ep-sony-mdr-ex15aplize,High-quality|Affordable,2022
xiaomi-redmi-13x-6gb-128gb?utm_flashsale=1,Reliable|High-quality,2024
titan-1770sl02-nam,User-friendly|Reliable|Compact,2021
casio-ltp-v007l-1budf-nu,Compact|Well-designed|Modern,2022
casio-ltp-v001l-7budf-den,Reliable|Compact|Affordable,2026
citizen-nh8365-19f-den,Well-designed|Modern|Powerful,2021
dong-ho-eco-drive-nam-day-kim-loai-citizen-bm7332,High-quality,2021
tai-nghe-bluetooth-true-wireless-ava-buds-life-air-2-pro?utm_flashsale=1,Durable|Well-designed|Reliable|User-friendly,2024
cap-lightning-1m-ava-jxl-08?utm_flashsale=1,High-quality|Modern|Affordable,2022
elio-es059-02-nu,High-quality|Well-designed|Compact|Powerful,2024
sac-du-phong-20000mah-typecpd-22-5w-baseus-ppmd20-cap-lightning-va-typec,Powerful|Durable|User-friendly|Versatile,2023
mvw-mla084-02-s1-nam?utm_flashsale=1,Compact|Durable|Powerful|Modern,2025
chuot-khong-day-logitech-m170-den?utm_flashsale=1,High-quality|User-friendly|Durable|Powerful,2021
honor-x7c,Versatile|Compact,2020
q-q-c09a-002py-nu?utm_flashsale=1,Versatile|Powerful|User-friendly,2022
tai-nghe-bluetooth-sony-wi-c100,High-quality|Powerful,2023
casio-mtp-1335d-2avdf-nam,Modern,2026
casio-mtp-v005l-7b5udf-nam,User-friendly|Durable,2022
camera-ip-360-do-2mp-tiandy-tc-h322n,High-quality|Versatile|Powerful|User-friendly,2021
casio-ltp-v005l-1budf-den,User-friendly,2021
samsung-galaxy-a16-8gb-128gb?utm_flashsale=1,Reliable|Well-designed|Modern|Affordable,2021
g-shock-ga-710gb-1adr-den?utm_flashsale=1,Affordable|User-friendly,2022
camera-ip-ngoai-troi-360-do-4mp-ezviz-h8c,Well-designed,2021
casio-mtp-1302d-7a2vdf-nam,High-quality|Durable|User-friendly,2026
elio-es128-01-nu?utm_flashsale=1,Modern|Compact|Versatile|Reliable,2025
samsung-galaxy-a06-4gb-64gb?utm_flashsale=1,User-friendly,2024
cap-micro-1m-ava-jxl-17?utm_flashsale=1,Compact,2024
phun-brother-bt5000c-xanh-duong-danh-cho-brother,Modern,2022
chuot-khong-day-silent-logitech-m331,High-quality|Affordable|Modern|Durable,2023
cap-type-c-type-c-1m-ugreen-70427,Modern|Compact|Well-designed,2024
oppo-a60-128gb,High-quality,2023
citizen-nj0150-81e-nam?utm_flashsale=1,Modern|Well-designed|High-quality|Durable,2021
chuot-khong-day-logitech-silent-signature-m650-size-m?utm_flashsale=1,High-quality|Durable,2021
tai-nghe-bluetooth-chup-tai-havit-h667bt?utm_flashsale=1,Affordable|Powerful|Versatile|High-quality,2022
loa-thap-samsung-mx-t40-xv,Reliable,2022
sac-du-phong-10000mah-khong-day-magnetic-qi2-typec-pd-27w-anker-maggo-a1654?utm_flashsale=1,Reliable|User-friendly|Modern|Versatile,2024
cap-lightning-1m-baseus-glimmer-cb000023,Reliable|High-quality|Modern|Durable,2023
camera-ip-ngoai-troi-360-do-3mp-tiandy-tc-h333n,Affordable|User-friendly,2024
elio-el092-01-nu,Affordable|Durable|Modern,2022
elio-es113-01-nu?utm_flashsale=1,Well-designed|User-friendly,2025
adapter-sac-usb-12w-ava-cs-chg076?utm_flashsale=1,Reliable,2026
chuot-khong-day-dareu-lm106g,Compact|Powerful|Versatile,2026
dong-ho-nam-citizen-bi5000-87e?utm_flashsale=1,Versatile|Compact|Powerful|Durable,2021
casio-ws-1400h-3avdf-nam,Well-designed,2020
casio-ltp-v300l-1audf-nu,Versatile|High-quality|User-friendly,2024
smile-kid-sl085-01-tre-em,Compact|User-friendly,2025
tai-nghe-bluetooth-true-wireless-rezo-k50?utm_flashsale=1,High-quality|Modern|Reliable|Versatile,2022
tai-nghe-bluetooth-true-wireless-ava-freego-w28,Powerful|High-quality|Durable,2026
bo-phat-wifi-di-dong-4g-lte-150mbps-tp-link-m7000,High-quality,2023
elio-el112-01-nu?utm_flashsale=1,Durable|Modern|Reliable,2024
casio-mtp-1308d-1avdf-nam,Well-designed,2023
camera-ip-360-do-5mp-ezviz-h6,Durable|User-friendly|High-quality|Well-designed,2026
citizen-ar1133-15a-nam,Durable|Well-designed|Compact,2020
asus-vivobook-15-oled-a1505va-i5-ma467w,Powerful,2024
elio-el025-01-nu?utm_flashsale=1,Reliable|Durable,2022
titan-2628sm01-nu,High-quality|Durable|Modern|Affordable,2023
loa-bluetooth-jbl-xtreme-4,Compact|Modern|Reliable|Affordable,2024
elio-ec011-02-nu?utm_flashsale=1,Modern|Affordable|Well-designed,2024
samsung-galaxy-s24-256gb-5g,Versatile|Powerful,2020
cap-type-c-1m-xmobile-tc27-1000-trang,Affordable|Reliable,2022
elio-es025-c2-nu,Affordable|Modern,2026
casio-mtp-rs105l-7bvdf-nam?utm_flashsale=1,High-quality,2022
mau-laser-hp-150a-4zb94a,User-friendly|Powerful,2025
casio-mtp-1375l-7avdf-nam,Reliable,2020
hp-15-fc0085au-r5-a6vv8pa,High-quality,2024
camera-ip-360-do-3mp-tp-link-tapo-c210,High-quality|Versatile|Well-designed|Reliable,2024
loa-karaoke-lg-rn5,Affordable|Durable|User-friendly,2026
casio-aeq-120w-9avdf-nam,Compact|Modern|Powerful|High-quality,2023
router-wifi-chuan-ac1200-tp-link-archer-c64-gigabit,Powerful|Reliable|Durable,2023
dong-ho-nam-mvw-ml057-02?utm_flashsale=1,User-friendly|Affordable|Well-designed,2020
casio-mtp-m305l-7avdf-nam,Modern|Well-designed|High-quality|Versatile,2020
mww-ms049-01-nam?utm_flashsale=1,Compact,2023
casio-ltp-v002gl-1budf-nau,Compact|Modern|Powerful,2025
mvw-glory-ms087-02-nam,Modern|Compact,2026
cap-type-c-lightning-1m-apple-mm0a3-trang,User-friendly|Well-designed|Versatile|Durable,2023
g-shock-ga-b2100-1a1dr-nam,User-friendly|Reliable,2025
elio-el043-01-nu?utm_flashsale=1,Powerful|Compact|Durable|User-friendly,2024
mvw-ms082-01-nam,Powerful,2022
viettel-sumo-4g-t2,Durable|High-quality|Affordable|Reliable,2022
loa-karaoke-xach-tay-dalton-ps-k20,Powerful|High-quality|Versatile|Modern,2022
q-q-c09a-013py-nu,Modern|User-friendly|Powerful|Well-designed,2020
q-q-s399j212y-nu?utm_flashsale=1,Affordable|Powerful|Compact|Well-designed,2024
dong-ho-eco-drive-nu-day-kim-loai-citizen-em0639-8?utm_flashsale=1,Durable|Powerful|High-quality|Affordable,2022
smile-kid-sl055-01,Affordable|Compact,2021
elio-el101-01-nu,Affordable,2020
canon-e410,Durable|Well-designed,2022
oppo-pad-neo-6gb,Affordable|Well-designed|Compact|User-friendly,2026
smile-kid-sl041-01-tre-em,Compact|Reliable,2026
loa-bluetooth-harman-kardon-luna?utm_flashsale=1,High-quality|Powerful,2021
citizen-nk0001-84e-nam?utm_flashsale=1,Well-designed|User-friendly,2024
cap-chuyen-doi-type-c-sang-35mm-apple-mu7e2-trang,Durable|Reliable,2022
bo-adapter-sac-kem-cap-type-c-type-c-pd-45w-samsung-ep-t4511,Reliable|Affordable|Well-designed|User-friendly,2023
sac-du-phong-polymer-10000mah-khong-day-magnetic-type-c-pd-20w-xmobile-t156?utm_flashsale=1,Versatile|Reliable|User-friendly|High-quality,2026
cap-type-c-1m-baseus-coolplay-cb000046,Compact,2025
elio-es104-01-nu,Versatile,2021
q-q-q44a-002py-nu,Versatile|Durable,2025
tai-nghe-bluetooth-true-wireless-oppo-enco-buds-3-pro-etek1,Reliable|Modern,2025
ban-phim-co-day-logitech-k120,Versatile,2021
mww-ml038-01-nam?utm_flashsale=1,High-quality|Reliable|Affordable|Durable,2026
elio-el127-06-nu?utm_flashsale=1,Powerful|Well-designed|Durable|Modern,2024
loa-bluetooth-rezo-ledmi-k311,Powerful|Modern|Compact|Reliable,2025
pin-sac-du-phong-20000mah-type-c-pd-qc-3-0-33w-xiaomi-pb2030mi,Durable,2022
cap-lightning-mfi-1m-mbest-ds949-wb-xam,Powerful|Reliable,2026
mvw-ms083-01-nam,Durable,2024
mww-ml039-01-nam?utm_flashsale=1,Well-designed|Reliable|High-quality,2025
cap-micro-1m-xmobile-dr-m02?utm_flashsale=1,High-quality|User-friendly,2024
orient-rf-qd0001s10b-nam?utm_flashsale=1,User-friendly|Versatile|Durable,2020
asus-vivobook-15-x1504va-nj023w,Durable|High-quality,2021
casio-ltp-1128g-7brdf-vang,Powerful|Modern|Well-designed,2024
tai-nghe-co-day-ep-type-c-xiaomi,Affordable|Well-designed|User-friendly,2020
honor-x9c-smart,Modern|High-quality|Powerful|Compact,2022
usb-wifi-300-mbps-totolink-n300um-trang,Compact|Reliable,2025
mvw-star-mla005-01n-nam,High-quality,2021
adapter-sac-2-cong-type-c-pd-qc-3-0-20w-xmobile-ds255a?utm_flashsale=1,Compact|Well-designed|Versatile|Durable,2020
casio-mtp-1384d-2avdf-nam,Durable,2023
kidcare-s6-day-silicone?utm_flashsale=1,Affordable|User-friendly,2023
smile-kid-sl124-01-tre-em,Well-designed|Powerful|Reliable,2022
adapter-sac-type-c-pd-gan5s-30w-baseus-ccgan30s5-s,Compact|Durable,2025
msi-mag-255f-e20-24-5-inch-fhd-rapid-ips-200hz-0-5ms,Affordable|Reliable|User-friendly|Durable,2022
elio-es129-03-nu?utm_flashsale=1,Versatile|Affordable|Powerful,2026
balo-laptop-15-6-inch-togo-tgb01?utm_flashsale=1,Powerful|User-friendly|Affordable,2020
smile-kid-sl028-01,High-quality|Compact,2022
mvw-ml050-01-nam?utm_flashsale=1,Reliable|Versatile|Well-designed,2022
citizen-bi5059-50e,Reliable|User-friendly,2023
titan-1730sl03-nam,Affordable|Compact,2026
cap-type-c-type-c-1m-ava-ds106?utm_flashsale=1,User-friendly|Compact|Durable|Well-designed,2023
iphone-13,Well-designed|Modern|Compact|Powerful,2024
adapter-sac-2-cong-usb-type-c-pd-qc-3-0-gan-pps-30w-xmobile-acl100-qp30?utm_flashsale=1,High-quality|User-friendly,2023
cap-type-c-type-c-1m-apple-mqkj3,Modern|Powerful|Well-designed,2026
mvw-ms076-02-nam,Affordable|Modern|User-friendly,2020
adapter-sac-usb-12w-ava-tces1-trang?utm_flashsale=1,Powerful|Versatile|High-quality,2020
amazfit-cheetah-square,Powerful|Reliable|Modern|User-friendly,2025
nanomax-s-1000,Modern|Well-designed|User-friendly|Compact,2021
mww-ms052-01-nam?utm_flashsale=1,Powerful|Affordable,2021
loa-keo-karaoke-dalton-ts-12g350n,Well-designed,2024
casio-ltp-1274d-7bdf-bac?utm_flashsale=1,Well-designed|Reliable|Modern,2024
loa-vi-tinh-21-enkor-s2880-den,Affordable,2023
mvw-ms086-01-nam,Modern,2023
zenbos-k-360,User-friendly|Well-designed|Durable,2021
casio-ltp-v002l-1budf-den,Durable|High-quality|Powerful|User-friendly,2024
casio-mtp-1370d-7a2vdf-nam,Affordable|Well-designed|Compact,2022
casio-mtp-1370d-1a1vdf-nam,Versatile,2020
cap-micro-ava-ljet-m01,Durable|High-quality|Powerful,2026
elio-el120-02-nu,Affordable|Modern|High-quality|Reliable,2023
acer-aspire-a315-44p-r9w8-r7-nxksjsv002,Affordable|Powerful|High-quality|Versatile,2025
smile-kid-sl382-4-tre-em,User-friendly|Compact|Powerful|Reliable,2021
iphone-15,Durable|Versatile|High-quality|Reliable,2023
loa-karaoke-birici-nb-6889,Affordable|Powerful|Well-designed|Durable,2024
edifice-efv-640l-2avudf-nam,Compact|Affordable|Durable|Reliable,2021
mvw-glory-ml079-03-nam,Well-designed|Compact|User-friendly,2020
tai-nghe-bluetooth-tws-oppo-enco-buds-2-ete41-trang?utm_flashsale=1,Reliable,2024
adapter-sac-type-c-20w-cho-iphone-ipad-apple-mhje3,Powerful,2023
msi-bravo-15-b7ed-r5-010vn,Modern|Powerful|Affordable,2022
citizen-eq0599-11a-trang,High-quality|Reliable,2025
cap-type-c-type-c-1m-xmobile-ds103?utm_flashsale=1,Versatile,2024
loa-karaoke-nanomax-x-2000,Versatile,2024
citizen-fe6016-88a?utm_flashsale=1,User-friendly|Reliable|Powerful,2021
casio-ltp-v300l-7a2udf-nu,Durable,2026
casio-ltp-1183g-7adf-bac,High-quality,2024
day-da-dong-ho-l006-04-18-nau-size-18mm,Compact|Reliable|Affordable,2022
casio-ltp-v002g-9audf-vang,Durable,2024
type-c-pd-25w-samsung-ep-ta800n,User-friendly|Affordable|Well-designed|Compact,2023
loa-bluetooth-jbl-clip-5,Modern|Reliable|Durable|Affordable,2024
casio-ae-1300wh-8avdf-den,Modern|High-quality|Durable|Versatile,2023
tui-chong-soc-133-targus-citygear-tss930gl-80?utm_flashsale=1,Durable|Compact|Affordable|High-quality,2020
casio-ae-1200wh-1avdf-den,High-quality|User-friendly,2026
loa-jammy-s8078k,Powerful|User-friendly|Versatile|High-quality,2021
adapter-sac-type-c-pd-20w-anker-powerport-iii-cube-a2149,User-friendly|High-quality|Durable,2022
smile-kid-sl021-01-tre-em,Compact|Powerful,2020
mvw-mla002-02n-nam,Reliable,2023
tui-chong-soc-14-inch-targus-citygear-tss931gl-80?utm_flashsale=1,Well-designed,2021
mvw-ms073-01-nam?utm_flashsale=1,Versatile|Powerful|User-friendly|High-quality,2026
smile-kid-sl058-01-tre-em,Durable|User-friendly|Reliable,2025
elio-el021-01-nu,Modern|Affordable,2024
elio-es091-01-nu?utm_flashsale=1,Modern|Durable,2026
elio-el102-02-nu?utm_flashsale=1,Reliable,2023
day-rz31-00a-da-xanh-ngoc,User-friendly|Durable|Compact|High-quality,2026
cap-lightning-20cm-xmobile-dr-l06-den?utm_flashsale=1,Versatile|Reliable|Well-designed|User-friendly,2020
chuot-khong-day-silent-ugreen-mu105,High-quality|Compact,2023
mww-ml044-01-nam,User-friendly|Compact|Modern,2024
camera-ip-360-do-3k-imou-rex-2d-gk2dp,Affordable|Modern|User-friendly,2021
elio-el005-01-nu?utm_flashsale=1,Reliable|Well-designed|User-friendly,2021
elio-ec005-02-nu,User-friendly|Durable,2022
microsoft-windows-11-home-64-bit-chinh-hang,Powerful|Reliable|Affordable|Compact,2022
dong-ho-nam-mvw-ms068-03?utm_flashsale=1,Powerful|Modern|Affordable,2025
mvw-ml074-03-nam?utm_flashsale=1,Durable|Compact,2026
edifice-casio-efv-570d-1avudf-bac,Compact|Reliable|User-friendly,2024
smile-kid-sl084-02-tre-em,Versatile|Powerful,2024
day-dong-ho-size-40mm-m07-01-40,Modern|Affordable,2023
elio-el037-01-nu,Versatile,2026
casio-ltp-1129g-7brdf-vang,Compact,2021
elio-ec008-02-nu?utm_flashsale=1,Affordable,2021
iphone-14,High-quality|Modern|Well-designed|Affordable,2026
oppo-reno12-f-4g-8gb-256gb,Compact|High-quality,2026
may-in-da-chuc-nang-brother-dcp-l2520d-in-photo,Reliable|Affordable|Versatile|Modern,2024
citizen-bi5058-52l-nam,Versatile,2026
hop-muc-brother-tn-2385-danh-cho-brother-dcpl2520d,User-friendly|Powerful|Durable|Versatile,2026
smile-kid-sl056-01,High-quality|Durable|Versatile|Compact,2022
chuot-co-day-gaming-logitech-g502-hero,Compact,2023
elio-es015-c2-nu,Compact|Modern,2022
dong-ho-nam-mvw-ml047-01,Powerful|User-friendly|Well-designed,2026
hprt-n43bt,Modern|User-friendly|High-quality|Affordable,2020
g-shock-ga-700-1adr-den,Versatile,2026
iphone-15-plus,Powerful|Modern|Affordable|User-friendly,2024
elio-el095-01-nu,Compact|User-friendly,2024
elio-es061-02-nu,User-friendly|Affordable|Versatile,2020
kidcare-s6-day-silicone-xanh?utm_flashsale=1,Reliable,2023
vivo-v30e-12gb,Durable,2025
orient-ra-ar0008e30b-nam,Reliable|Well-designed|Versatile,2024
casio-mtp-1335d-7avdf-nam,Reliable|Powerful|High-quality,2020
dong-ho-nam-mvw-ms060-01?utm_flashsale=1,Modern|High-quality|User-friendly,2023
adapter-sac-usb-12w-ava-tced2-trang,Versatile|Modern,2024
cap-type-c-ava-tc1000n?utm_flashsale=1,Compact|Powerful|Reliable,2025
loa-bluetooth-ava-freego-f25,Affordable,2024
elio-es023-c2-nu?utm_flashsale=1,Versatile,2026
mww-ml046-01-nam?utm_flashsale=1,High-quality,2021
tui-chong-soc-laptop-156-inch-zadez-zlc-830?utm_flashsale=1,User-friendly|Compact|Modern|Powerful,2023
masstel-fami-50,Powerful|Versatile|Durable|High-quality,2021
xiaomi-watch-2?utm_flashsale=1,Durable|Affordable|Reliable|Powerful,2022
tai-nghe-bluetooth-true-wireless-havit-tw982-life-01t,Well-designed,2024
mobell-f309,Affordable|High-quality|Well-designed,2021
casio-ltp-1275g-9adf-nu,Versatile,2026
smile-kid-sl131-02-tre-em,Affordable,2022
day-dong-ho-size-40mm-m05-02-40,High-quality,2021
smile-kid-sl051-01,High-quality|Well-designed|Durable,2024
elio-el095-03-nu,Reliable|Compact,2025
hp-smart-tank-580-wifi-1f3y2a,Powerful|Affordable,2023
casio-mtp-1314l-7avdf-nam,Modern|Compact|High-quality|Reliable,2021
pin-sac-du-phong-10000mah-type-c-15w-ava-ds608a,Well-designed|Versatile|High-quality,2020
elio-es100-02-nu?utm_flashsale=1,High-quality|Powerful|Compact|Modern,2020
adapter-sac-usb-24a-ava-cs-tc021-trang?utm_flashsale=1,Affordable,2022
hop-muc-hp-103a-neverstop-danh-cho-hp-neverstop,Affordable|Reliable,2023
loa-bluetooth-sony-srs-xb100,Affordable|Compact,2024
citizen-c7-nh8391-51x-nam,Modern|Durable|Compact|Versatile,2020
casio-a168wer-2adf-unisex?utm_flashsale=1,Durable|Well-designed,2020
smile-kid-sl098-02-tre-em,Powerful|Modern|Durable,2025
citizen-ca7060-88e-nam,Affordable|Durable,2020
casio-ltp-1094q-7ardf-den?utm_flashsale=1,Versatile,2023
sac-xe-hoi-3-cong-20w-xmobile-sn-156-den-xam,Compact|Reliable|User-friendly|Affordable,2026
cap-3-dau-lightning-type-c-micro-1m-xmobile-dr002?utm_flashsale=1,Well-designed|Durable|User-friendly,2021
casio-ltp-1230d-7cdf-bac,User-friendly|High-quality,2023
orient-fag03001b0-nam-co-tu-dong?utm_flashsale=1,Affordable|Reliable,2023
cap-type-c-supervooc-oppo-dl129?utm_flashsale=1,Reliable|Affordable,2023
chuot-bluetooth-silent-dareu-lm115b,Reliable,2021
tai-nghe-sony-mdr-zx110ap,Compact|Modern|Durable,2025
loa-bluetooth-ava-plus-led-k09,User-friendly|Compact|Versatile|Powerful,2024
smile-kid-sl127-03-tre-em,Affordable|Compact|User-friendly,2026
casio-ae-1500wh-1avdf-nam?utm_flashsale=1,Modern|Versatile,2025
sac-du-phong-10000mah-magnetic-typecpd-30w-baseus-ppcxm10t-kem-cap-type-c,Reliable|Versatile,2021
g-shock-gd-100gb-1dr-nam?utm_flashsale=1,Durable|Compact|User-friendly|Modern,2023
mvw-ml075-03-nam?utm_flashsale=1,Durable|Reliable|Versatile|Powerful,2023
oppo-a5x-4gb-64gb,User-friendly|Compact,2020
tai-nghe-co-day-jbl-c200-siu,Affordable,2020
orient-ra-ap0003s10b-nam?utm_flashsale=1,Well-designed|Powerful|High-quality,2026
elio-el101-02-nu,Reliable|User-friendly|High-quality|Modern,2020
airpods-4-chong-on-mxp93,Reliable|Modern|Compact,2025
camera-ip-ngoai-troi-3mp-xiaomi-aw300?utm_flashsale=1,User-friendly|Well-designed,2025
adapter-sac-1a-ava-ds432x,User-friendly,2023
smile-kid-sl215l-8-tre-em,Modern|Versatile|Well-designed,2021
elio-es060-01-nam?utm_flashsale=1,Versatile|Compact|Well-designed,2021
mvw-ml066-03-nam?utm_flashsale=1,High-quality,2026
cap-type-c-lightning-2m-baseus-unbreakable-cb000049,Affordable|Modern|Versatile|Compact,2024
adapter-sac-type-c-pd-gan5-20w-baseus-ccgan20cs?utm_flashsale=1,Versatile,2020
iphone-17,Reliable,2021
elio-el035-01-nu?utm_flashsale=1,High-quality|Powerful,2021
elio-es119-01-nu,Compact,2022
tui-chong-soc-laptop-15-6-inch-togo-keo-ngang,High-quality,2022
asus-vivobook-x1404za-i5-nk376w,High-quality|Modern|Powerful,2022
elio-el127-07-nu,Powerful|Affordable|Modern|User-friendly,2025
vieon-vip-chinh-hang-1-thang,Powerful,2023
adapter-type-c-30w-iphone-ipad-macbook-apple-my1w2,High-quality|User-friendly,2025
amply-paramax-ax-850-350w,Modern|Well-designed|Compact,2021
tai-nghe-bluetooth-chup-tai-havit-h661bt?utm_flashsale=1,Versatile|Affordable|Powerful,2025
smile-kid-sl132-02-tre-em,Reliable,2026
realme-c75x,Compact|High-quality,2024
tai-nghe-bluetooth-true-wireless-ava-freego-w30,Versatile|Affordable,2020
oppo-reno14-f-5g-12gb-256gb,Modern|Reliable|Powerful,2025
cap-type-c-1m-hydrus-cs-dc046?utm_flashsale=1,Affordable|Modern|Reliable,2025
tai-nghe-co-day-apple-mtjy3,User-friendly|High-quality,2024
elio-el124-03-nu,Versatile,2024
orient-ra-aa0b04r19b?utm_flashsale=1,Well-designed,2024
anne-klein-ak-3228mpnv-nu,Durable|High-quality,2025
xiaomi-15t-pro-12gb-256gb,Powerful,2024
citizen-bm7460-88h-nam,Versatile,2020
camera-ip-360-do-3mp-botslab-c212?utm_flashsale=1,User-friendly|Compact|Durable|Powerful,2023
elio-el028-02-nu,Affordable|Versatile|User-friendly,2026
hop-muc-laser-hp-107a-w1107a,Durable|Versatile|Powerful|Reliable,2024
mobell-f209,Modern,2022
elio-el120-03-nu,Modern|Well-designed|High-quality,2023
g-shock-ga-2100-1a1dr-nam,High-quality|Affordable|Compact|Powerful,2021
loa-vi-tinh-soundmax-a700,User-friendly|Durable|Reliable,2025
baby-g-bga-250-7a2dr-trang?utm_flashsale=1,Durable|High-quality,2022
cap-type-c-type-c-1-5m-innostyle-powerflex-icc150al,Versatile,2026
dong-ho-nam-mvw-ms071-01,Powerful|Compact,2021
orient-fag00003w0-nam-co-tu-dong,Powerful|Well-designed,2026
cap-micro-20cm-ava-speed-ii,Versatile|High-quality|Well-designed|Compact,2025
orient-fac00003w0-nam-co-tu-dong,Durable,2020
vieon-hbo-go-06-thang-chinh-hang,Powerful|Durable|Well-designed|Modern,2024
lenovo-ideapad-slim-3-15irh10-i5-83k1000hvn,Well-designed|High-quality,2020
elio-el090-04-nu,Durable|Well-designed|Modern|High-quality,2025
camera-ip-ngoai-troi-360-do-4mp-tp-link-tapo-c520ws,Compact,2023
smile-kid-sl122-02-tre-em,High-quality|Versatile,2021
tai-nghe-bluetooth-true-wireless-havit-tw976,Reliable,2022
cap-type-c-lightning-mfi-1m-mbest-ds640-wb-den,Affordable,2026
smile-kid-sl053-01,Well-designed,2024
tecno-spark-go-2,Reliable|Durable|Modern,2020
q-q-a36a-003py-nam,Durable|Powerful,2022
q-q-c09a-018py-nu,Modern,2022
elio-el126-01-nu,Affordable,2021
casio-mtp-v300l-1audf-nam,Compact|User-friendly|Powerful|High-quality,2023
mww-ms059-01-nam?utm_flashsale=1,Versatile|Powerful,2021
day-dong-ho-size-40mm-m05-01-40,Reliable|Powerful|Affordable|Modern,2026
loa-bluetooth-monster-sparkle,Powerful|User-friendly|High-quality|Versatile,2021
citizen-be9170-05l-xanh,User-friendly|Powerful|Versatile|Compact,2023
elio-ec010-02-nu,Compact|Reliable|Affordable,2020
dong-ho-nam-mvw-ms074-01,Modern|Versatile,2023
oppo-a3x-6gb-128gb?utm_flashsale=1,Versatile|Powerful|High-quality,2026
citizen-nh8350-83e-den,Powerful|Durable|High-quality,2022
casio-mtp-v300l-7audf-nam,Versatile|User-friendly,2025
tai-nghe-bluetooth-true-wireless-realme-buds-t110?utm_flashsale=1,Durable|Modern|Well-designed,2020
elio-es112-01-nu?utm_flashsale=1,User-friendly|Affordable,2025
day-da-dong-ho-size-16mm-den-ls042-01,Versatile|Compact|Reliable|High-quality,2023
nokia-220-4g,Affordable,2025
bo-phat-wifi-di-dong-4g-lte-tp-link-m7350-den,High-quality|Versatile|User-friendly,2023
dong-ho-nam-citizen-bi5006-81p-vang,Powerful|Affordable|User-friendly|Compact,2024
camera-ip-360-do-3mp-ezviz-ty1,Powerful|Versatile|Affordable|Durable,2024
asus-vivobook-s-16-oled-s5606ma-ultra-5-mx050w?utm_flashsale=1,User-friendly|Durable|Compact|Well-designed,2024
cap-type-c-20cm-ava-dr-t03,Compact|Well-designed|User-friendly|Durable,2026
adapter-sac-type-c-pd-gan-30w-xmobile-ds230-trang?utm_flashsale=1,Reliable|Compact,2026
orient-ra-ag0029n10b-nam?utm_flashsale=1,High-quality|Modern|Durable|Powerful,2025
casio-ltp-1274g-7adf-nu,Affordable|Durable,2024
smile-kid-sl121-03-tre-em,Powerful|Well-designed|Durable|Compact,2026
sac-du-phong-polymer-10000mah-3in1-magnetic-pd-qc-3-0-22-5w-xmobile-dx367?utm_flashsale=1,Versatile|Powerful|Modern,2023
elio-ec004-02-nu,Affordable|Versatile,2024
elio-el140-01-nu,Affordable|Well-designed,2025
q-q-m153j009y-unisex,High-quality|Modern|Affordable,2023
elio-el086-01-nu,Compact|Powerful|Versatile|Reliable,2022
bo-phat-wifi-di-dong-4g-lte-300mbps-totolink-lr350,Reliable|Modern,2025
citizen-bi5090-50a-nam?utm_flashsale=1,User-friendly|High-quality|Well-designed,2020
orient-fgw0100aw0-nam?utm_flashsale=1,Reliable,2020
orient-ra-ac0008s10b-nu?utm_flashsale=1,Powerful|Durable,2024
chuot-khong-day-silent-zadez-m326?utm_flashsale=1,Compact|Durable|High-quality,2022
citizen-ao3033-00l-nam,Compact|Modern|High-quality|User-friendly,2021
dong-ho-nam-mvw-ms068-02?utm_flashsale=1,Powerful|Modern|Affordable|High-quality,2021
samsung-galaxy-s25-edge-5g-512gb,Powerful|Reliable|Compact|Well-designed,2024
tai-nghe-bluetooth-true-wireless-baseus-bass-bp1-pro-pm132,Modern,2023
dong-ho-dinh-vi-tre-em-imoo-z1-41-mm-xanh-duong?utm_flashsale=1,Affordable|User-friendly|Versatile,2020
casio-a168wg-9wdf-vang?utm_flashsale=1,High-quality,2022
bo-adapter-sac-kem-cap-type-c-type-c-pd-25w-samsung-ep-t2510xw,User-friendly|Reliable|Affordable|Compact,2025
elio-el095-02-nu,Reliable|Durable|High-quality|Affordable,2022
citizen-nj0154-80h-nam?utm_flashsale=1,Affordable,2023
mvw-ml086-02-hv-nam?utm_flashsale=1,Durable|High-quality,2021
elio-el042-01-nu?utm_flashsale=1,Powerful,2021
mvw-ml074-01-nam?utm_flashsale=1,Reliable|High-quality|Durable,2020
elio-es116-02-nu?utm_flashsale=1,Affordable,2025
chuot-khong-day-zadez-m325,Well-designed|User-friendly|High-quality,2024
casio-lrw-200h-4b2vdf-hong?utm_flashsale=1,Versatile|Well-designed,2024
elio-ec001-02-nu,Versatile|Durable,2026
tai-nghe-tws-havit-tw986?utm_flashsale=1,Versatile|Affordable,2023
casio-ltp-v005d-2budf-bac,Affordable|Powerful|High-quality|Well-designed,2020
q-q-s294j401y-nam,User-friendly|Affordable|Versatile|Reliable,2024
elio-el092-02-nu,Powerful|High-quality|Compact|Versatile,2025
smile-kid-sl130-02-tre-em,Versatile|Compact|User-friendly,2020
loa-bluetooth-rezo-light-motion-k118,Versatile,2022
elio-el102-01-nu?utm_flashsale=1,High-quality|Versatile|Reliable|Affordable,2020
q-q-a212j004y-unisex,Reliable|Compact|High-quality|User-friendly,2023
bo-phat-wifi-4g-300mbps-tenda-4g05-n300,Durable|User-friendly|Modern,2025
pin-sac-du-phong-polymer-10000mah-type-c-10-5w-hydrus-k108?utm_flashsale=1,Reliable|Affordable|Durable,2023
pin-sac-du-phong-polymer-10000mah-ava-ds808a,Modern|Durable,2024
smile-kid-sl037-01-tre-em,Durable|Versatile|Powerful|Affordable,2026
adapter-sac-2-cong-type-c-pd-qc-3-0-20w-baseus-cube-ccxfk20ue?utm_flashsale=1,Modern|Well-designed,2023
huawei-watch-gt-5-46mm-vien-thep-day-cao-su,User-friendly|Compact|Durable,2024
day-rz31-00a-da-trang,Reliable|User-friendly|Compact,2025
tai-nghe-bluetooth-truyen-am-thanh-qua-khong-khi-havit-hakii-light?utm_flashsale=1,Affordable,2021
tai-nghe-bluetooth-chup-tai-havit-h662bt?utm_flashsale=1,Compact|High-quality,2024
microsoft-365-family-32-64bit-1-nam-6-user-win-mac,Affordable|Compact|User-friendly,2021
asus-g615jmr-i7-14650hx-s5155w,User-friendly|High-quality|Affordable,2023
samsung-galaxy-s25-plus,Modern|Well-designed,2024
elio-es127-02-nu,High-quality|Compact,2021
korlex-ks007-01-nu,Well-designed|Powerful,2023
garmin-forerunner-165-music,Versatile|Affordable,2024
smile-kid-sl091-01-tre-em,Reliable,2024
kaspersky-plus-chinh-hang,Modern|Affordable,2022
elio-es084-01-nu?utm_flashsale=1,Durable|User-friendly|Well-designed|Powerful,2022
smile-kid-sl129-01-tre-em,Versatile|Well-designed|Powerful,2022
mvw-msa088-01-s1-nam,Compact|Durable,2025
mvw-glory-ms087-01-nam,High-quality,2024
casio-mtp-vd03l-1audf-nam?utm_flashsale=1,High-quality|Versatile|Reliable|Well-designed,2021
citizen-nh8350-08b-nam,User-friendly|Versatile,2020
smile-kid-sl131-03-tre-em,Durable|Well-designed|User-friendly,2021
day-da-dong-ho-l021-03-16-den-size-16mm,Well-designed|Powerful|Affordable|User-friendly,2026
casio-aeq-120w-2avdf-nam,Durable|Affordable|User-friendly|Well-designed,2024
elio-es119-02-nu?utm_flashsale=1,Compact|Well-designed|Powerful,2023
edifice-efv-c110d-2avdf-nam,Well-designed|User-friendly,2024
mww-ms055-01-nam?utm_flashsale=1,Durable,2026
casio-ae-1000w-4bvdf-cam?utm_flashsale=1,Versatile|Powerful|Durable|Affordable,2026
mvw-ms078-02-nam?utm_flashsale=1,Versatile|User-friendly|Affordable,2023
tai-nghe-earpods-cong-lightning-apple-mmtn2,Modern|Durable|Affordable|Powerful,2020
citizen-nj0080-50a-trang?utm_flashsale=1,Affordable|Versatile,2026
phun-hp-gt52-do-m0h55aa,Affordable,2024
oppo-a3-8gb-128gb?utm_flashsale=1,High-quality|Affordable|Compact,2024
elio-es031-01-nu?utm_flashsale=1,User-friendly|Durable|Well-designed|Compact,2025
mvw-mla088-02-nam?utm_flashsale=1,Reliable|Durable|Affordable,2020
casio-mtp-m305d-1avdf-nam,Versatile,2022
ipad-mini-7-wifi,Reliable|Powerful|Versatile|High-quality,2024
dong-ho-dinh-vi-tre-em-imoo-z1-41-mm-hong-nhat?utm_flashsale=1,Well-designed,2026
korlex-ks021-01-nu,Modern|Reliable,2024
tai-nghe-bluetooth-apple-airpods-pro-3-trang-mfhp4,Reliable|User-friendly,2025
pin-sac-du-phong-polymer-10000mah-khong-day-magnetic-type-c-pd-30w-anker-zolo-a1685?utm_flashsale=1,Compact|Powerful|Affordable|Modern,2020
dong-ho-nam-citizen-bi5006-81l-xanh,Reliable,2022
tai-nghe-bluetooth-open-ear-true-wireless-ava-freego-ows04?utm_flashsale=1,Compact,2026
elio-es120-02-nu?utm_flashsale=1,User-friendly|Versatile,2026
tai-nghe-bluetooth-chup-tai-sony-wh-ch520,User-friendly|Modern|High-quality,2026
mvw-ms064-01-nam?utm_flashsale=1,Compact|User-friendly,2022
chuot-co-day-gaming-rapoo-v10s?utm_flashsale=1,High-quality|Durable|Compact|Well-designed,2024
dong-ho-nam-casio-w-218h-4bvdf,Compact|Durable,2021
mvw-ml073-02-nam?utm_flashsale=1,Modern|Durable|User-friendly|Reliable,2020
q-q-s396j201y-nam?utm_flashsale=1,Reliable|Versatile|Modern,2022
bluetooth-jbl-flip-6,Versatile|High-quality|Durable,2021
dong-ho-nam-citizen-nh8360-80j,Versatile,2022
dong-ho-kim-nam-day-da-citizen-bi5002-14a-trang?utm_flashsale=1,Reliable|Affordable|Modern,2024
elio-es024-c2-nu,Modern|Versatile|Compact,2021
smile-kid-sl022-02-tre-em,Durable|Versatile|Compact,2026
loa-bluetooth-xiaomi-sound-party,Compact|User-friendly,2024
bo-adapter-sac-67w-kem-cap-type-c-1m-xiaomi-hypercharge-trang,User-friendly|Well-designed|Affordable,2024
day-rz31-00a-da-be,High-quality|Powerful,2023
q-q-vs13j003y-nu,User-friendly,2023
q-q-s280j304y-nam,High-quality,2022
usb-wifi-ac1200-asus-ac53-nano,Versatile|High-quality|Well-designed,2026
tai-nghe-co-day-ep-type-c-ava-livebass-s870?utm_flashsale=1,User-friendly|Reliable,2023
elio-el129-02-nu,User-friendly|Well-designed|Compact,2026
apple-watch-se-2-44mm-vien-nhom-day-silicone,High-quality|Affordable|Versatile,2024
elio-ec015-02-nu,Compact|Reliable|Modern,2023
mvw-ml070-01-nam?utm_flashsale=1,Well-designed|User-friendly|Durable,2023
casio-mtp-vd03d-7audf-nam?utm_flashsale=1,User-friendly|Well-designed|High-quality,2026
elio-es134-03-nu?utm_flashsale=1,Reliable|Compact,2024
tai-nghe-bluetooth-true-wireless-ava-freego-pt52,Modern|Compact,2024
dong-ho-nam-mvw-ml065-01?utm_flashsale=1,Compact|Modern|User-friendly|Reliable,2021
smile-kid-sl058-02-tre-em,Modern|Affordable|User-friendly|Durable,2026
smile-kid-sl123-04-tre-em,Well-designed|User-friendly|Compact|Reliable,2026
chuot-bluetooth-philips-spk7438?utm_flashsale=1,Modern|User-friendly,2022
smile-kid-sl132-05-tre-em,Durable|Well-designed|Powerful|High-quality,2023
cap-type-c-1m-ava-cs-cl086?utm_flashsale=1,Powerful|Versatile,2021
cap-type-c-1m-mbest-ds002-wb-cam?utm_flashsale=1,Versatile|Reliable|Durable,2021
casio-w-219h-2avdf-nam,Versatile,2026
day-da-dong-ho-size-16mm-nau-ls052-01,User-friendly|High-quality,2022
elio-el064-01-nam,High-quality|Durable|Powerful|Well-designed,2022
day-dong-ho-size-44mm-m02-01-44,High-quality,2026
edifice-casio-ef-539d-1avudf-bac,Durable|Versatile|Modern,2022
smile-kid-sl223l-6-tre-em,Well-designed|Affordable|High-quality,2025
casio-ltp-v004l-1audf-nu,Compact|High-quality|Well-designed|Versatile,2020
dong-ho-nam-mvw-ms062-01,Affordable|Versatile,2020
tai-nghe-bluetooth-tws-ava-freego-y913?utm_flashsale=1,Durable|Modern|Well-designed,2022
xiaomi-redmi-pad-pro-6gb-128gb,Affordable|Powerful,2025
casio-mtp-1381l-7avdf-nam,Well-designed|Compact,2025
mvw-mla086-04-hv-nam?utm_flashsale=1,Affordable,2026
day-da-dong-ho-l012-03-16-den-size-16mm,Versatile|Modern|Reliable|User-friendly,2020
elio-el097-02-nu?utm_flashsale=1,Powerful,2021
tai-nghe-bluetooth-true-wireless-oppo-enco-buds-2-pro-e510a,Compact|Powerful,2026
titan-1730sl02-nam,High-quality|Compact,2025
samsung-galaxy-a06-5g-6gb-128gb,Durable|Modern|User-friendly|High-quality,2026
chuot-khong-day-silent-rapoo-m310-den,Affordable|Compact,2022
orient-ra-ag0001s10b-nam-co-tu-dong,Reliable|Versatile|User-friendly|Compact,2020
chuot-gaming-corsair-nightsword-rgb-den,Affordable|Modern,2022
smile-kid-sl024-01,Durable|High-quality|User-friendly,2021
msi-pro-mp251-e2-24-5-inch-fhd,Powerful|Reliable|Modern|User-friendly,2024
casio-ltp-1169d-7ardf-bac?utm_flashsale=1,Compact|High-quality,2020
casio-ltp-v006l-7budf-nu?utm_flashsale=1,Reliable|User-friendly,2022
day-da-dong-ho-size-14mm-den-ls059-02,Powerful|High-quality,2025
orient-ra-aa0821s19b-nam,Versatile|Affordable|Durable|Reliable,2021
loa-thanh-soundbar-sony-ht-s100f,Powerful,2023
pin-sac-du-phong-20000mah-type-c-pd-22-5w-baseus-lipow-ppjp312?utm_flashsale=1,Compact|High-quality|Versatile|Modern,2022
casio-mtp-v004d-1budf-nam?utm_flashsale=1,High-quality|Affordable|User-friendly|Versatile,2021
dong-ho-nam-mvw-ml060-01,Powerful|Versatile|Affordable,2023
cap-type-c-1m-xmobile-ds09cp-wb?utm_flashsale=1,Powerful|Well-designed|Modern|Durable,2022
balo-laptop-156-inch-targus-safire-tsb883-72,User-friendly|Reliable,2022
vivo-y29-8gb-128gb,User-friendly,2024
camera-ip-360-do-4mp-imou-ranger-rc-gk2cp-4c0wr,Modern|Affordable|Well-designed|Versatile,2022
asus-vivobook-k3605zc-i5-rp629w?utm_flashsale=1,High-quality|Powerful|Durable,2022
citizen-bh3003-51a?utm_flashsale=1,Compact|Modern|Well-designed|Versatile,2024
mvw-star-mla004-01n,Versatile|Durable|Well-designed,2021
smile-kid-sl064-01-tre-em,Powerful|High-quality|User-friendly,2025
elio-el096-01-nam,Well-designed,2020
xiaomi-15t-12gb-256gb,Durable|Versatile|Modern|High-quality,2022
tui-chong-soc-laptop-15-6-inch-zadez-zlc-831-gaming?utm_flashsale=1,Reliable,2025
casio-ltp-v007d-4eudf-nu?utm_flashsale=1,Powerful|Versatile|User-friendly,2024
elio-el085-02-nu?utm_flashsale=1,Reliable,2024
vieon-vip-hbo-go-chinh-hang-1-thang,High-quality|Reliable|Well-designed,2024
casio-ltp-v004gl-7audf-nau?utm_flashsale=1,Modern|Powerful|Well-designed|Versatile,2020
elio-es050-01-nu?utm_flashsale=1,High-quality|Powerful|User-friendly,2023
smile-kid-sl122-01-tre-em,Affordable|Modern|Well-designed|Reliable,2024
smile-kid-sl123-03-tre-em,Powerful|Versatile|Compact,2025
casio-mtp-v004gl-7audf-nam?utm_flashsale=1,Reliable|High-quality|Versatile,2022
ipad-11-wifi-128gb,Well-designed|Powerful|Reliable,2024
vivo-y39-5g,Modern|User-friendly|Well-designed|Powerful,2025
citizen-nj0150-81l-nam,Powerful|Durable,2025
casio-mtp-1215a-1adf-nam,Affordable|Modern,2021
orient-ra-ag0002s10b-nam-co-tu-dong,Reliable|Powerful|Compact,2020
citizen-be9176-76e-nam,Durable,2022
q-q-s399j031y-nu,User-friendly,2022
adapter-sac-12w-ava-plus-dc01?utm_flashsale=1,Modern|Durable,2024
samsung-galaxy-watch6-classic-47mm?utm_flashsale=1,Affordable|Reliable|User-friendly,2024
baby-g-bgs-100gs-1adr-nu,Affordable|Compact,2025
tui-chong-soc-laptop-133-inch-rivacase-7703-den,Reliable|User-friendly|Modern|High-quality,2023
honor-400-pro,Well-designed|Versatile,2023
huawei-watch-fit-4-pro,Powerful|Versatile|Reliable|Durable,2020
mvw-ms085-02-nam,Versatile|High-quality|Durable|Modern,2023
cap-lightning-ava-dr-l04?utm_flashsale=1,User-friendly|Affordable|Compact|High-quality,2026
loa-bluetooth-klipsch-gig-xl,Affordable|Modern|High-quality|Versatile,2022
mvw-star-mla004-02n-nam,Reliable,2026
sac-du-phong-10000mah-magnetic-typecpd-20w-innostyle-powermag-2in1-ia20pd,High-quality|Affordable|Modern|Well-designed,2020
camera-ip-360-do-1080p-tp-link-tapo-tc70-trang,User-friendly|Powerful|Durable|Modern,2026
orient-tag02005w0-nam-co-tu-dong,Durable|Well-designed,2022
citizen-nh8353-18a-trang,Reliable,2022
mvw-ml074-02-nam,Durable|High-quality|Well-designed|Compact,2024
samsung-galaxy-tab-a9-plus-wifi-8gb-128gb,Powerful|Reliable|Versatile,2021
day-dong-ho-size-40mm-m05-08-40,Versatile|Reliable|Compact,2023
casio-mtp-v004l-7audf-nam,Compact|Powerful,2022
cap-type-c-lightning-1m-xmobile-lcl-04?utm_flashsale=1,Durable|Affordable,2022
tai-nghe-tws-jbl-tune-beam-2,Versatile|Durable|Affordable,2020
casio-ltp-vt01l-5budf-nu?utm_flashsale=1,Well-designed|Versatile,2024
tui-chong-soc-laptop-13-jcpal,Well-designed|Compact|Reliable|Durable,2023
casio-ltp-1241d-4adf-bac,High-quality|User-friendly|Modern|Affordable,2022
cap-loa-karaoke-jbl-mk-08-300w,Reliable|Modern,2026
dong-ho-nam-mvw-ms068-01?utm_flashsale=1,Compact|Powerful|Affordable|Durable,2022
citizen-au1060-51e,Powerful|High-quality|Affordable,2024
titan-1729sl03-nam,User-friendly,2021
elio-es008-01-nu?utm_flashsale=1,Powerful|High-quality,2021
loa-bluetooth-alpha-works-aw-w88,Powerful|User-friendly|Modern,2024
casio-mtp-v006gl-7budf-nam?utm_flashsale=1,High-quality,2021
mvw-ml087-02-nam,Modern|Affordable|Reliable|Well-designed,2021
mvw-msa090-02-s1-nam,Affordable|Reliable|Modern,2023
citizen-nh8373-88a-trang,Well-designed|Powerful|Compact,2020
elio-el100-01-nu,Reliable|Powerful|High-quality,2024
casio-ltp-v005gl-9audf-nau,Versatile|Durable,2023
casio-ltp-v004d-1budf-bac?utm_flashsale=1,Versatile|Durable|Reliable,2023
hp-victus-15-fa1139tx-i5-8y6w3pa,Modern|Well-designed,2026
da-n-am-thanh-sony-ht-s20r,User-friendly|Durable|Versatile|Well-designed,2023
casio-hdc-700-1avdf-den?utm_flashsale=1,Reliable|User-friendly|Powerful|Modern,2021
oppo-a6-pro-8gb-128gb,Affordable|Reliable|User-friendly|Durable,2024
casio-a158wa-1df-bac?utm_flashsale=1,Compact|Modern|User-friendly|High-quality,2026
masstel-smart-hero-20?utm_flashsale=1,Versatile|Well-designed,2021
elio-es092-01-nu?utm_flashsale=1,Versatile|High-quality,2026
casio-ltp-1335d-5avdf-nu,Powerful|Compact|Modern|Reliable,2021
casio-lrw-200h-1bvdf-den?utm_flashsale=1,Versatile|Affordable|User-friendly|Powerful,2026
acer-aspire-lite-14-51m-59bn-i5-nxktxsv001,Modern|Reliable,2025
mvw-ml052-01-nam,Powerful,2022
vieon-vip-hbo-go-chinh-hang-3-thang,User-friendly,2020
dong-ho-kim-nu-day-kim-loai-citizen-be9174-55l-xan?utm_flashsale=1,User-friendly|Compact|Affordable|Powerful,2026
dong-ho-eco-drive-nu-day-kim-loai-citizen-ga1050-5?utm_flashsale=1,Modern|High-quality|Durable|Compact,2021
mvw-mla086-03-hv-nam?utm_flashsale=1,High-quality|Reliable|Compact|Durable,2025
citizen-bm8550-81e-nam?utm_flashsale=1,Durable,2021
titan-1585sl07-nam,Affordable|Well-designed|Reliable|High-quality,2025
elio-el119-02-nu?utm_flashsale=1,Compact|User-friendly|High-quality,2026
citizen-bi5094-59e-nam,Compact|Versatile|Well-designed,2024
honor-x8c,Powerful|User-friendly|Durable,2021
elio-el028-01-nu?utm_flashsale=1,Affordable,2021
elio-el011-01-nu?utm_flashsale=1,High-quality|Powerful|Versatile,2023
tai-nghe-bluetooth-true-wireless-monster-mh22163-n-lite-203-airlinks,Well-designed|Powerful,2024
dong-ho-nam-mvw-ml057-01?utm_flashsale=1,Compact,2026
casio-w-96h-1bvdf-nam?utm_flashsale=1,Powerful|Compact,2024
vivo-y28-256gb?utm_flashsale=1,Durable|Well-designed|Powerful|Compact,2023
titan-1825yl01-nam,User-friendly|Compact|High-quality,2020
oppo-a5-8gb-128gb,Well-designed|High-quality|Reliable,2021
elio-es119-03-nu?utm_flashsale=1,Durable|Reliable,2023
casio-mtp-m300l-7avdf-nam,Affordable,2023
elio-es091-03-nu,Versatile|User-friendly,2022
elio-es115-01-nu,Compact|User-friendly,2022
tai-nghe-bluetooth-true-wireless-sony-wf-c710n,User-friendly|Versatile,2021
dong-ho-nam-mvw-ml064-01?utm_flashsale=1,Compact|Well-designed|Modern|Affordable,2024
casio-ae-1500wh-2avdf-nam?utm_flashsale=1,Durable|Modern|Reliable,2020
chuot-khong-day-gaming-logitech-g304,Modern,2020
smile-kid-sl382-1-tre-em,Powerful,2026
camera-ip-360-do-5mp-imou-ranger-rc-gk2cp-5c0wr,Compact|Powerful|Modern,2023
laser-trang-den-hp-laserjet-mfp-m236dw-9yf95a,Reliable,2022
xiaomi-redmi-a5-3gb-64gb,Well-designed|User-friendly,2021
acer-aspire-7-gaming-a715-76g-5806-i5-nhqmfsv002,Reliable|Well-designed,2021
tai-nghe-bluetooth-chup-tai-havit-h663bt?utm_flashsale=1,Powerful|Versatile|High-quality|Compact,2020
q-q-q58a-007py-nu,Versatile|Affordable|Well-designed|High-quality,2022
balo-laptop-156-inch-targus-intellect-tbb565gl-74,High-quality|Reliable|Durable|Versatile,2026
lenovo-ideapad-slim-3-15amn8-r5-82xq00j0vn,Modern|Versatile|Powerful|Compact,2023
elio-es026-c2-nu?utm_flashsale=1,User-friendly|Durable,2021
casio-ltp-1129g-7ardf-vang,User-friendly,2023
elio-el105-02-nu?utm_flashsale=1,High-quality|User-friendly,2020
mvw-glory-ml080-02-nam?utm_flashsale=1,Well-designed,2020
gia-treo-man-hinh-warrior-wa,User-friendly|Versatile|Modern,2025
adapter-sac-3-cong-usb-type-c-pd-qc3-0-gan-65w-ugreen-robot-nexode-15570,Versatile|Modern|Affordable,2024
citizen-an8195-58e-nam,Modern|Well-designed,2024
edifice-efs-s570db-2audf-nam,Affordable|Compact,2020
orient-ra-sp0002s10b-nam,Reliable,2023
lenovo-loq-15iax9e-i5-83lk000bvn,User-friendly|Compact|Durable|Well-designed,2022
dong-ho-mvw-ms065-01,Reliable|High-quality|Well-designed,2020
g-shock-gd-120cm-5dr-nam?utm_flashsale=1,Durable|User-friendly,2024
citizen-be9176-76l-nam,Affordable|High-quality|Reliable|Well-designed,2025
motorola-moto-g86-5g-8gb-128gb,Modern|Affordable|Compact|Reliable,2021
msi-modern-15-b12mo-i5-628vn?utm_flashsale=1,High-quality|User-friendly|Reliable,2026
bo-phat-wifi-4g-300-mbps-tp-link-tl-mr100,Powerful|Versatile,2021
tai-nghe-bluetooth-chup-tai-alpha-works-flex-680,Versatile|High-quality|Modern,2021
loa-bluetooth-soundcore-select-4-go?utm_flashsale=1,Modern|Versatile|User-friendly,2023
tui-chong-soc-156-inch-targus-citygear-tss994gl-80?utm_flashsale=1,Versatile|Powerful,2020
pin-sac-du-phong-polymer-20000mah-10-5w-ava-plus-q7,Powerful|Reliable,2021
pin-sac-du-phong-10000mah-type-c-pd-qc-3-0-22-5w-xiaomi-lite-p16zm,Well-designed,2023
q-q-c07a-003py-nu,Reliable|Powerful,2023
citizen-bh5003-00l-nam,Powerful|Modern|Durable,2023
day-dong-ho-size-44mm-m01-04-44,User-friendly|Affordable,2025
casio-mtp-1384d-1avdf-nam,Reliable|Compact|Versatile,2022
mvw-ml069-01-nam?utm_flashsale=1,Modern|High-quality|Well-designed,2024
elio-el115-01-nu?utm_flashsale=1,Compact|Reliable|Affordable|Modern,2023
q-q-v06a-009vy-nu,Versatile,2026
pin-sac-du-phong-10000mah-type-c-pd-qc-3-0-30w-anker-nano-a1259,Affordable|Durable|Versatile|Well-designed,2026
citizen-nh8350-59a-trang,Compact|High-quality,2023
q-q-s284j312y-nam,Well-designed|Compact,2026
mvw-ml070-02-nam?utm_flashsale=1,Versatile,2023
edifice-eqb-1200hg-1adr-nam,Powerful|High-quality|Affordable|Reliable,2024
casio-mtp-vd03l-5audf-nam?utm_flashsale=1,Well-designed|Affordable|User-friendly,2026
adapter-sac-type-c-pd-20w-xmobile-cs-tc041-trang?utm_flashsale=1,Well-designed|User-friendly|Compact|Versatile,2021
q-q-q58a-005py-nu,Durable|Versatile|Compact,2026
samsung-galaxy-a26-6gb-128gb,Powerful|Reliable|Durable,2026
smile-kid-sl064-02-tre-em,Modern|Durable,2022
elio-es110-01-nu,Affordable,2024
oppo-find-n3-flip-hong,Reliable,2023
motorola-moto-g35-5g-4gb-128gb,Compact|Affordable,2026
smile-kid-sl381-4-tre-em,Powerful|Versatile|Compact,2024
cap-type-c-2m-hydrus-cv-12?utm_flashsale=1,User-friendly|Durable,2024
chuot-co-day-gaming-razer-deathadder-essential,Well-designed|Versatile|User-friendly|Reliable,2024
casio-ltp-1170g-7ardf-bac,Powerful,2024
cap-type-c-1m-baseus-glimmer-cb000024,Well-designed,2025
adapter-sac-2-cong-type-c-pd-gan-67w-xmobile-ds266?utm_flashsale=1,Durable|Reliable|User-friendly|Compact,2021
msi-thin-15-b12uc-i5-2045vn,High-quality|Reliable|Well-designed,2026
korlex-ks031-01-nu,Compact|Modern|Well-designed|User-friendly,2023
garmin-venu-sq-2-day-silicone,High-quality,2023
mvw-msa098-01-ele-nam,Modern|High-quality|User-friendly,2026
mvw-ml069-02-nam?utm_flashsale=1,Affordable|Compact,2026
elio-el090-01-nu,Compact|Well-designed,2022
korlex-kl007-02-nu,Affordable|Reliable,2026
orient-fgw01008w0-nam?utm_flashsale=1,Durable|Modern|Reliable|Well-designed,2021
casio-lrw-200h-4bvdf-trang?utm_flashsale=1,Reliable|User-friendly|Modern|Compact,2023
elio-el040-01-nu,Compact|Well-designed|Powerful,2020
casio-mtp-vd03b-1audf-nam,Compact|Well-designed,2023
elio-el097-01-nu,Reliable,2024
mvw-star-msa003-02n-nam,User-friendly|Well-designed|Reliable,2021
elio-el121-01-nu?utm_flashsale=1,Durable|Versatile|Affordable|High-quality,2025
apple-macbook-air-m2-2022-16gb-256gb,Durable|Reliable|Versatile,2020
citizen-bi5055-51e-nam,Affordable|User-friendly|Well-designed|Versatile,2020
citizen-bm6838-33l-nam?utm_flashsale=1,Durable,2023
adapter-sac-2-cong-usb-type-c-iq3-kem-cap-type-c-type-c-1-5m-20w-anker-b2348,Compact|Durable|User-friendly|Reliable,2022
mvw-ml068-01-nam?utm_flashsale=1,Reliable|Powerful|Well-designed|Compact,2023
hp-15-fd0015tu-i7-a19c5pa,User-friendly,2022
xiaomi-redmi-note-14-pro-5g,Durable|Powerful,2021
apple-watch-se-2-lte-44mm-vien-nhom-day-silicone,Compact|Reliable|Modern,2026
mww-ms056-01-nam?utm_flashsale=1,Modern|Powerful|Affordable,2026
elio-el127-03-nu,Durable|Reliable|Affordable,2025
citizen-nh8350-59b-trang,Compact,2020
orient-fgw01002w0-nam,User-friendly|Compact|Powerful|High-quality,2020
samsung-galaxy-watch7-lte-40mm,Modern|Powerful,2022
elio-el083-01-nu?utm_flashsale=1,Well-designed|Reliable,2024
elio-ec006-02-nu?utm_flashsale=1,High-quality|User-friendly|Well-designed,2021
tai-nghe-bluetooth-tws-xiaomi-redmi-buds-6-active,Powerful,2025
q-q-a212j001y-unisex,Well-designed|Compact|Reliable,2020
ban-phim-bluetooth-logitech-k380s,Well-designed|Affordable|Powerful|Versatile,2022
loa-vi-tinh-microlab-tmn3-4-1,Modern|Affordable,2023
macbook-air-13-inch-m4-16gb-256gb,Versatile|User-friendly|Affordable,2025
bluetooth-true-wireless-oppo-enco-air-2-ete11,High-quality|Reliable|Affordable,2026
phun-hp-gt53-90ml-den-1vv22aa,Well-designed|Durable|Compact|Reliable,2024
elio-ec013-02-nu,Reliable,2021
loa-vi-tinh-microlab-b27,Modern|Powerful|Durable|Well-designed,2024
realme-c71,User-friendly|Modern|Powerful|Affordable,2020
day-mvw-sl101-03-da-den,Reliable|Powerful|Durable|User-friendly,2024
orient-fgw01003w0-nam?utm_flashsale=1,Durable|Affordable,2022
samsung-galaxy-a07-4gb-64gb,High-quality|Reliable|Versatile|Modern,2026
mvw-ms084-01-nam,Reliable|User-friendly|Modern,2023
titan-1770sm02-nam,Powerful|Modern|Reliable|Compact,2022
mvw-ms081-01-nam?utm_flashsale=1,User-friendly|Reliable|Powerful,2020
loa-bluetooth-monster-mfs1,Powerful|Well-designed,2024
samsung-galaxy-a17-4gb-128gb,Powerful|Reliable|Well-designed|User-friendly,2021
titan-1585sl08-nam,Modern|Powerful|Affordable|User-friendly,2025
edifice-efs-s570dc-1audf-nam,Compact,2024
casio-dw-291hx-1avdf-nam,Reliable,2023
orient-ra-ap0005b10b-nam?utm_flashsale=1,Durable|High-quality,2022
samsung-galaxy-s24-fe-8gb-256gb?utm_flashsale=1,Well-designed|Modern|Versatile,2021
casio-ltp-1302d-1a1vdf-bac,Powerful|Affordable,2021
citizen-eg7050-54a-nu?utm_flashsale=1,Versatile,2025
usb-wifi-chuan-wifi-6-mercusys-ma14n,High-quality|Affordable,2021
citizen-nh8363-14h-xam,Durable|User-friendly|Affordable,2025
tai-nghe-bluetooth-true-wireless-marshall-minor-iv,High-quality|Versatile|Well-designed,2021
hop-muc-in-laser-hp-136a-w1360a-den,User-friendly,2024
elio-es139-01-nu?utm_flashsale=1,Versatile|Compact|Well-designed,2020
day-da-dong-ho-l003-04-18-xanh-dam-size-18mm,Modern|User-friendly,2026
chuot-sac-bluetooth-silent-zadez-m382b?utm_flashsale=1,User-friendly,2023
tai-nghe-bluetooth-true-wireless-sony-wf-c510-imei,Modern|High-quality,2025
citizen-bf2003-25a-nam?utm_flashsale=1,High-quality|Versatile|Well-designed|Powerful,2020
smile-kid-sl032-01-tre-em,Durable,2023
edifice-ecb-2000d-1adf-nam,Versatile,2020
citizen-an8190-51a-nam,Well-designed,2022
elio-es118-02-nu?utm_flashsale=1,Reliable|User-friendly,2022
citizen-nj0080-50e-nam?utm_flashsale=1,Durable|Compact|Modern|Versatile,2022
elio-ec021-02-nu,Powerful|Well-designed,2021
casio-ae-1400wh-1avdf-den,Versatile|Modern,2021
honor-400-5g-12gb-256gb-den,Well-designed|Powerful,2021
samsung-galaxy-s25,Compact|Well-designed,2024
laser-trang-den-hp-laserjet-m211dw-9yf83a,Versatile|Modern|Reliable|User-friendly,2026
ban-phim-bluetooth-asus-marshmallow-kw100,User-friendly|Modern|Durable,2021
pin-sac-du-phong-25000mah-type-c-pd-qc-3-0-200w-ugreen-pb722,Reliable|Versatile|Well-designed|High-quality,2020
casio-ltp-1128g-9ardf-vang,Well-designed|Affordable,2021
orient-fgw0100fw0-nam?utm_flashsale=1,Durable|User-friendly,2021
elio-el053-02-nu?utm_flashsale=1,Powerful|Reliable,2022
adapter-sac-2-cong-type-c-pd-pps-gan-ii-65w-anker-powerport-iii-a2666,High-quality|Versatile|Compact,2026
pin-sac-du-phong-25000mah-type-c-pd-qc-3-0-165w-anker-zolo-a1695-kem-cap?utm_flashsale=1,Powerful|Durable|Versatile,2026
orient-ra-ap0004s10b-nam?utm_flashsale=1,Versatile|Reliable,2022
day-da-dong-ho-l021-04-18-den-size-18mm,Well-designed,2025
msi-cyborg-15-a13vek-i7-1423vn,Well-designed,2021
elio-el127-05-nu,User-friendly|Powerful|Versatile,2021
elio-es118-03-nu?utm_flashsale=1,Affordable|Versatile|Modern|Compact,2022
elio-es117-02-nu,High-quality|Affordable|Well-designed|Reliable,2026
elio-es033-01-nu?utm_flashsale=1,Affordable|Durable|Modern,2023
baby-g-bga-240l-2a1dr-xanh-duong?utm_flashsale=1,Reliable|Modern,2021
loa-bluetooth-alpha-works-aw-ride?utm_flashsale=1,User-friendly|Modern,2020
elio-el121-03-nu?utm_flashsale=1,Durable|Compact,2026
q-q-q56a-003py-nu,Durable,2026
tai-nghe-ep-oppo-mh135,Durable,2022
elio-el125-01-nu?utm_flashsale=1,User-friendly|Well-designed|Affordable|High-quality,2022
citizen-an3610-55l,Modern|Well-designed|High-quality|Powerful,2023
mvw-ms076-01-nam,Reliable|Compact|High-quality|Powerful,2021
mvw-ms086-02-nam,Modern,2020
mvw-msca001-01-s1-nam?utm_flashsale=1,Modern|User-friendly,2023
tai-nghe-tws-havit-tw941,Compact|Powerful,2023
citizen-bi5096-53l-nam,Powerful|User-friendly|Well-designed,2023
elio-es017-c2-nu?utm_flashsale=1,Modern|Reliable|User-friendly,2021
adapter-2-cong-usb-typecpd-kem-cap-typec-typec-1m-100w-baseus-ccgan100e5,Reliable|Compact|Versatile,2025
day-da-dong-ho-l019-04-18-xanh-dam-size-18mm,Compact|Powerful|User-friendly|Versatile,2020
chuot-khong-day-silent-ugreen-mu006,Compact|User-friendly|Modern,2025
lenovo-loq-15arp9-r7-83jc00j0vn?utm_flashsale=1,High-quality|Versatile|User-friendly,2022
casio-ltp-v004g-7budf-vang,Durable|Compact|Versatile|User-friendly,2021
xiaomi-redmi-15c-6gb-128gb,Compact|Versatile|Well-designed|Affordable,2023
oppo-find-x9-12gb-256gb,Reliable|Versatile,2023
casio-mtp-vt01b-1budf-nam,User-friendly|High-quality,2022
citizen-c7-nh8391-51l-nam,Compact|Powerful|Reliable|Well-designed,2023
citizen-aw1670-82a-nam,User-friendly|Compact|Reliable|Versatile,2020
hp-pavilion-15-eg3091tu-i7-8c5l2pa,High-quality,2025
smile-kid-sl095-01-tre-em,User-friendly|Durable|Powerful|Modern,2020
dong-ho-kim-nam-day-kim-loai-citizen-bi5056-58a,Powerful,2020
dong-ho-nam-mvw-ml055-01?utm_flashsale=1,Reliable,2024
coach-14503524-nu,Versatile,2024
tai-nghe-tws-jbl-wave-beam-2,Well-designed,2021
casio-lw-204-1adf-nu?utm_flashsale=1,Versatile|Compact,2022
day-da-dong-ho-l009-03-16-trang-size-16mm,Compact,2022
huawei-watch-kids-4-pro,Durable,2026
loa-bluetooth-rezo-k1-2-mic,Powerful|High-quality|Versatile,2024
asus-zenbook-14-oled-ux3405ma-ultra-7-pp152w?utm_flashsale=1,Well-designed|Durable|High-quality,2022
adapter-sac-2-cong-usb-type-c-iq3-20w-anker-a2348?utm_flashsale=1,Reliable|Durable,2022
smile-kid-sl099-01-tre-em,Powerful,2020
mvw-msa090-01-s1-nam,Versatile|User-friendly|Well-designed|Modern,2020
casio-ltp-v002gl-7budf-nu,Compact|Reliable|Versatile,2026
day-dong-ho-size-40mm-m01-03-40,Modern|Affordable,2026
smile-kid-sl381-2-tre-em,Versatile,2023
citizen-nj0158-89z-nam?utm_flashsale=1,User-friendly|Durable|Well-designed,2024
tai-nghe-bluetooth-true-wireless-ava-freego-y50,Durable|Affordable|Well-designed|Versatile,2026
smile-kid-sl082-02-tre-em,Modern|Reliable,2020
smile-kid-sl122-03-tre-em,User-friendly,2025
korlex-ks002-04-nu,High-quality|Modern|Versatile|User-friendly,2024
camera-ip-ngoai-troi-360-do-3mp-imou-cruiser-2c-s7cp-3m0we,Compact|Versatile,2024
loa-thap-samsung-mx-st50b-230w,Affordable|Well-designed|Modern|Versatile,2022
mww-ml040-01-nam?utm_flashsale=1,Durable,2026
chuot-khong-day-silent-ugreen-mu001?utm_flashsale=1,Modern|Compact,2025
elio-el125-03-nu,User-friendly|Powerful|Reliable,2021
casio-ltp-vt01gl-9budf-nu?utm_flashsale=1,Powerful|Compact|Modern,2021
loa-bluetooth-party-alpha-works-sonik-120,High-quality|Reliable|Powerful|Affordable,2020
msi-pro-mp275-e2-27-inch-fhd-ips-120hz-1ms,High-quality,2022
smile-kid-sl126-01-tre-em,Modern|Powerful,2026
orient-ra-ag0026e10b-nam?utm_flashsale=1,High-quality|User-friendly|Reliable,2021
dong-ho-casio-ae-1000w-1bvsdf-nam?utm_flashsale=1,Modern|Compact|Powerful,2022
balo-laptop-15-6-inch-togo-tgb03?utm_flashsale=1,Reliable|Durable|Affordable,2024
day-da-dong-ho-l001-03-16-den-size-16mm,Well-designed|Reliable|Modern|High-quality,2021
casio-ltp-v005l-7b3udf-nu,Durable|Modern|Reliable,2024
q-q-s399j021y-nu,Well-designed,2026
loa-bluetooth-harman-kardon-go-play-3?utm_flashsale=1,Compact,2022
elio-el105-03-nu?utm_flashsale=1,Well-designed|Versatile|Powerful,2021
citizen-er0218-53l-nu,Reliable|User-friendly|Durable,2025
elio-es120-01-nu?utm_flashsale=1,Well-designed|Affordable|Modern,2020
q-q-a212j005y-nu,User-friendly|Modern,2023
casio-ltp-v004l-1budf-nu,Versatile,2026
casio-ws-1600h-1avdf-nam,Modern|Durable|Powerful,2022
chuot-gaming-logitech-g403-hero-den,High-quality,2026
citizen-er0214-54d-nu,Powerful,2026
day-mvw-sl101-02-da-nau,High-quality|Modern,2020
casio-ltp-1094q-1ardf-den?utm_flashsale=1,Reliable,2024
adapter-sac-2-cong-12w-hydrus-zc102e?utm_flashsale=1,User-friendly|Durable|Compact,2020
casio-ltp-v005l-7audf-nu,Well-designed|Affordable,2021
masstel-smart-hero-30?utm_flashsale=1,Modern,2020
day-da-dong-ho-l013-04-18-nau-bo-size-18mm,Durable|User-friendly,2022
mvw-msca002-04-s3-nam?utm_flashsale=1,Compact|User-friendly|Well-designed,2023
orient-fag00001t0-nam-co-tu-dong,Powerful,2020
mvw-msa093-01-s2-nam?utm_flashsale=1,User-friendly|Versatile,2023
chuot-bluetooth-philips-spk7448?utm_flashsale=1,Modern|Durable|High-quality,2026
q-q-s10a-001vy-nam,Modern|User-friendly|Reliable,2024
bo-ban-phim-chuot-khong-day-logitech-mk240,User-friendly,2026
oppo-find-x8-hong,Durable|Compact,2025
ba-n-phi-m-co-day-gaming-zadez-g-850k,Affordable|Well-designed|Durable,2024
casio-w-218hc-4a2vdf-nu,Durable|High-quality|Powerful|Compact,2022
tai-nghe-bluetooth-tws-sounarc-q1-earbuds,Reliable,2022
mvw-ms078-01-nam?utm_flashsale=1,Affordable|Compact|User-friendly|High-quality,2023
motorola-g06-power-4gb-128gb,High-quality|Modern,2024
q-q-c01a-007py-nu,Compact|High-quality|Powerful|Durable,2023
casio-mtp-1375d-1avdf-nam,High-quality|Versatile|Reliable,2026
tcl-tab-10-gen-2,Affordable|Well-designed,2024
acer-aspire-lite-16-g2-al16-52p-572a-i5-nxj2ssv004,Affordable|User-friendly|Reliable,2020
mvw-msa088-02-s2-nam?utm_flashsale=1,Modern|Powerful|Compact|Versatile,2020
citizen-fe1220-89l-nu,Durable|User-friendly|Powerful|Versatile,2020
tai-nghe-bluetooth-true-wireless-baseus-bass-bd1?utm_flashsale=1,Powerful,2022
cap-type-c-lightning-mfi-0-9m-anker-powerline-iii-flow-a8662,High-quality|Compact|Durable,2024
elio-ec002-01-nam?utm_flashsale=1,Modern|Powerful|Durable,2025
orient-ra-aa0b05r19b,High-quality|Well-designed,2020
casio-mtp-1370l-1avdf-nam,Versatile|High-quality,2020
titan-9798wm04-nu,Powerful|Durable|Versatile|Well-designed,2023
mvw-msca004-01-nam,Versatile|Powerful,2025
elio-es129-02-nu?utm_flashsale=1,Affordable,2024
dong-ho-kim-eco-drive-nu-day-kim-loai-citizen-em05,Well-designed|High-quality|Durable|Affordable,2026
camera-ip-ngoai-troi-360-do-5mp-imou-cruiser-2c-s7cp-5m0we,Durable|Versatile|Well-designed|User-friendly,2022
garmin-forerunner-165,Compact|High-quality|Well-designed,2022
dong-ho-nam-mvw-ms072-02?utm_flashsale=1,Versatile,2022
samsung-galaxy-tab-s9-5g-256gb,Reliable|Well-designed|Modern|Compact,2021
day-dong-ho-size-44mm-m07-04-44,Powerful|Modern|Durable,2021
tai-nghe-tws-jbl-tour-pro-3,Modern|Versatile,2026
samsung-galaxy-a17-5g-8gb-128gb,Affordable|Compact|Well-designed,2020
tai-nghe-bluetooth-true-wireless-baseus-airgo-1-ring-open-ear,Modern|User-friendly|Compact|Versatile,2026
mvw-ml078-01-nam?utm_flashsale=1,High-quality|Compact|Powerful|Reliable,2023
lenovo-tab-plus-wifi-8gb-256gb,Compact|High-quality|Powerful,2020
samsung-galaxy-watch7-44mm,Powerful|High-quality|User-friendly,2023
pin-sac-du-phong-polymer-20000mah-type-c-pd-65w-baseus-free2pull-pplsc01-20,Compact,2023
citizen-nj0150-81x-nam?utm_flashsale=1,Powerful,2021
realme-15t-5g-8gb-256gb,Affordable|Versatile|Powerful|User-friendly,2025
loa-karaoke-dalton-k225h,High-quality|Affordable,2020
citizen-be9170-72e-nam,Compact|High-quality|Reliable|User-friendly,2020
loa-bluetooth-harman-kardon-onyx-studio-9,Powerful,2022
acer-aspire-7-a715-76-53pj-i5-nhqgesv007,High-quality|Durable,2026
citizen-an8196-55e-nam,Versatile|Well-designed,2023
camera-ip-ngoai-troi-360-do-3mp-ezviz-h9c-dual,Modern|Reliable|User-friendly|Powerful,2025
huawei-watch-gt-5-pro-46mm-vien-titanium-day-cao-su,Powerful|Compact,2024
phun-brother-bt5000y-vang-danh-cho-brother-t310,Well-designed|Versatile,2023
casio-lwa-300h-7e2vdf-nu,Well-designed|Reliable|Modern,2025
casio-aeq-110w-2avdf-den,Well-designed|Durable|Powerful,2020
g-shock-gm-2100mf-5adr-nam?utm_flashsale=1,Modern|Compact,2024
day-da-dong-ho-l006-03-16-nau-size-16mm,Compact|High-quality,2026
loa-bluetooth-jbl-partybox-120?utm_flashsale=1,User-friendly|Modern|Powerful|Compact,2023
elio-es086-01-nu,Affordable|Versatile|Compact|Well-designed,2022
loa-bluetooth-jbl-charge-6,Well-designed,2024
pin-sac-du-phong-27000mah-type-c-pd-qc-3-0-100w-xmobile-m3?utm_flashsale=1,Reliable|User-friendly,2024
loa-bluetooth-jbl-flip-7,High-quality|Reliable|Compact|User-friendly,2020
bo-ban-phim-chuot-khong-day-philips-spt6348?utm_flashsale=1,High-quality|Well-designed,2021
day-da-dong-ho-l004-03-16-xanh-nhat-size-16mm,Well-designed|User-friendly,2024
cap-lightning-1m-hydrus-jxl-15?utm_flashsale=1,Versatile|Well-designed|High-quality,2023
sac-du-phong-polymer-20000mah-type-c-pd-qc-30-20w-baseus-bipow-2-ppbd2-2w20,Modern|Reliable|High-quality,2025
loa-bluetooth-rezo-home-series-bag,High-quality,2021
smile-kid-sl127-01-tre-em,Reliable|User-friendly|Durable|Well-designed,2024
casio-ltp-v005gl-1budf-nau,High-quality,2020
pin-sac-du-phong-20000mah-type-c-pd-qc-3-0-22-5w-xiaomi-pb2020mi,Versatile|Modern,2025
hp-smart-tank-210-wifi,Versatile|Compact|Powerful|Well-designed,2020
elio-el128-05-nu,Modern|Powerful|Well-designed,2021
mvw-ml085-03-sm-nam?utm_flashsale=1,Reliable|User-friendly|Modern,2020
smile-kid-sl126-03-tre-em,High-quality|Affordable|Reliable,2021
casio-ltp-1094q-7b4rdf-nau?utm_flashsale=1,Reliable|Powerful,2024
q-q-m158j007y-nam,User-friendly|Affordable,2020
elio-es111-01-nu?utm_flashsale=1,Compact,2024
citizen-ak5006-58a-nam,Modern|Well-designed|Powerful,2025
loa-karaoke-sumico-su802,Well-designed,2026
citizen-ao3030-24a-nam,Versatile|Modern,2024
eyki-eys006-01-nu,Powerful|High-quality,2023
day-dong-ho-size-40mm-m07-05-40,Durable|Affordable|Reliable,2021
tai-nghe-bluetooth-true-wireless-jbl-live-beam-3,User-friendly|Durable|Modern|Reliable,2020
elio-el129-01-nu,Modern|High-quality,2026
q-q-g14a-003vy-nu,User-friendly|Versatile|High-quality|Reliable,2021
elio-el140-02-nu?utm_flashsale=1,Reliable|High-quality|Powerful,2024
citizen-ew2590-85d-nu?utm_flashsale=1,Versatile,2024
loa-thanh-sony-ht-s400,High-quality|Reliable|Well-designed|Affordable,2025
g-shock-gbx-100ns-1dr-nam,Durable|Modern,2024
iphone-17-pro,Powerful|Versatile|Compact,2023
orient-star-re-au0001s00b-nam,Modern|Versatile,2020
tai-nghe-tws-xiaomi-redmi-buds-6-pro,Well-designed|High-quality|Compact,2026
realme-14-5g?utm_flashsale=1,Reliable|Modern|Affordable,2023
tai-nghe-bluetooth-chup-tai-sony-wh-ch720n,Affordable|Durable|Powerful|Well-designed,2024
day-da-dong-ho-l003-03-16-xanh-dam-size-16mm,Reliable|Versatile,2025
xiaomi-pad-7-8gb-256gb,Powerful,2023
casio-ltp-1275d-1adf-bac?utm_flashsale=1,Powerful|User-friendly|Compact|Affordable,2022
loa-karaoke-dalton-ts-15a6500,Affordable|Compact,2021
mvw-msa098-02-ele-nam,Reliable|Well-designed,2026
cap-type-c-lightning-2m-xmobile-lcl-05?utm_flashsale=1,Affordable|Versatile|Powerful|Modern,2021
elio-el117-01-nu?utm_flashsale=1,User-friendly|Modern,2023
elio-el130-01-nu?utm_flashsale=1,Reliable|Affordable|Durable|Well-designed,2020
tai-nghe-tws-alpha-works-aw-curve-200,Versatile,2020
edifice-efr-571d-1avudf-nam,Modern|High-quality,2022
day-dong-ho-size-40mm-m05-03-40,Modern|High-quality,2026
q-q-s397j202y-nu,Reliable|Affordable|Durable|Powerful,2023
smile-kid-sl126-02-tre-em,Affordable|Durable|User-friendly,2023
sac-du-phong-polymer-10000mah-khong-day-magnetic-type-c-pd-20w-ugreen-pb206,Well-designed|User-friendly|Compact,2026
elio-ec002-02-nu,Powerful|Well-designed|Versatile,2021
citizen-em0505-88l-nu,Powerful|Durable,2021
citizen-em0990-81l-nu,Powerful|Reliable|Modern,2023
casio-ltp-1170a-7ardf-bac,Compact|Well-designed|User-friendly|Modern,2025
oppo-a6-pro-5g-12gb-256gb,Reliable,2023
elio-el105-01-nu?utm_flashsale=1,Well-designed|Modern|Affordable|Versatile,2025
elle-ell25051-nu,Modern|Powerful|Compact|Reliable,2022
casio-ltp-v006d-4budf-nu?utm_flashsale=1,Powerful|Well-designed|Compact|Versatile,2022
casio-ltp-v002g-7budf-nu,Compact|Versatile|Reliable,2021
adapter-sac-type-c-pd-gan-30w-xmobile-ds051a?utm_flashsale=1,Compact|Modern|Versatile|User-friendly,2025
smile-kid-sl125-05-tre-em,Modern|Powerful|Durable,2025
citizen-ew2591-82e-nu?utm_flashsale=1,Versatile,2026
man-hinh-msi-pro-mp272lkl-27-inch-fhd-ips-100hz-1ms,User-friendly|High-quality|Durable,2024
mvw-ml052-02-nam?utm_flashsale=1,Versatile|Affordable|Compact,2020
cap-type-c-1m-xmobile-dr-t10?utm_flashsale=1,Affordable|High-quality|Modern,2021
pin-sac-du-phong-polymer-20000mah-type-c-pd-qc-3-0-45w-xmobile-mh803,Durable|Powerful|Well-designed|High-quality,2024
vivo-y19s-pro-8gb,Compact|User-friendly|Versatile,2026
titan-1802sl07-nam,Compact|User-friendly,2021
elio-el098-03-nu,User-friendly|Reliable|Powerful|Modern,2025
elio-el136-01-nu?utm_flashsale=1,Powerful|Versatile,2023
oppo-find-x8-pro?utm_flashsale=1,Versatile,2022
realme-15-pro-5g-12gb-256gb,Compact|Affordable|Reliable|User-friendly,2024
tai-nghe-bluetooth-true-wireless-samsung-galaxy-buds-core-r410n?utm_flashsale=1,High-quality|Durable|Versatile,2025
citizen-em0500-73a-nu,Powerful|Modern,2025
citizen-nh9130-84l-nam?utm_flashsale=1,Reliable|Compact|Powerful|Well-designed,2020
casio-mtp-m300d-7avdf-nam,Durable|Modern|Compact|User-friendly,2026
tai-nghe-ep-type-c-ava-livebass-e2,Compact|Powerful,2022
smile-kid-sl127-02-tre-em,Compact,2025
citizen-eq0614-52e-nu,High-quality|Powerful,2026
tai-nghe-bluetooth-true-wireless-havit-tw967-pro,Compact,2025
casio-ltp-v007l-7e1udf-nu,User-friendly|High-quality,2026
realme-note-60x-4gb?utm_flashsale=1,Durable|Modern,2021
elio-es087-02-nu?utm_flashsale=1,Well-designed|Durable,2025
day-mvw-sl100-01-da-den,Compact|Versatile|Durable|User-friendly,2020
citizen-bf2001-12a-trang?utm_flashsale=1,Versatile|Affordable|Powerful,2024
garmin-venu-3s-day-silicone,Affordable,2023
nakzen-ss4060l-2no-nu?utm_flashsale=1,Affordable,2026
casio-la670wa-1df-nu?utm_flashsale=1,Modern|User-friendly|Versatile,2020
honor-x6c-6gb-128gb,Modern,2022
camera-trong-tre-1080p-ezviz-bm1,Well-designed|Compact|Affordable|Durable,2026
q-q-c18a-004py-nu,Powerful|User-friendly,2020
elio-el112-02-nu,Well-designed|Affordable|Powerful,2026
bo-mo-rong-song-wifi-ac220v-totolink-ex200-trang,Versatile,2024
laser-brother-hlb2180dw,Reliable|Well-designed|Versatile|Durable,2024
coach-14503338-nu,Compact|Durable|Versatile|Powerful,2026
xiaomi-redmi-pad-2-pro-6gb-128gb,User-friendly|Versatile|Well-designed|Affordable,2022
mvw-ml086-01-hv-nam?utm_flashsale=1,Durable|High-quality|Powerful|Compact,2020
pin-sac-du-phong-polymer-10000mah-type-c-pd-30w-baseus-qpow-2-ppqd4-10c,Modern|Reliable|Durable|Well-designed,2023
pin-sac-du-phong-polymer-10000mah-khong-day-magnetic-type-c-pd-qc-3-0-22-5w-xmobile-m12-3,Powerful|Versatile|Affordable|High-quality,2024
elio-el127-02-nu?utm_flashsale=1,Durable|Reliable|Powerful,2022
elio-el126-02-nu?utm_flashsale=1,Reliable|Powerful|Versatile,2023
orient-ra-as0011s10b-nam,Durable|Reliable|Versatile|User-friendly,2025
repeater-mo-rong-song-wifi-xiaomi-mi-wifi-extender-ac1200,Powerful|Well-designed,2024
mvw-ml085-02-sm-nam,User-friendly|Well-designed|Versatile|High-quality,2020
elio-el001-01-nu,High-quality|Well-designed|Modern,2021
tai-nghe-bluetooth-true-wireless-alpha-works-aw-curve-100,Affordable,2025
citizen-nh9136-88a-nam?utm_flashsale=1,User-friendly|Modern|Versatile|Durable,2025
chuot-bluetooth-silent-logitech-mx-anywhere-3s,User-friendly|Well-designed|Powerful,2025
elio-el125-02-nu?utm_flashsale=1,Durable|Reliable|User-friendly,2025
laser-brother-hlb2100d,Powerful|Versatile|Affordable,2025
tai-nghe-co-day-ep-baseus-encok-hz20,Durable|Modern|Compact,2026
orient-ra-ak0010b10b-nam,Durable|Powerful|Versatile,2020
kidcare-s6-day-silicone-hong?utm_flashsale=1,Compact,2022
sac-xe-hoi-2-cong-usb-type-c-pd-qc-3-0-30w-xmobile-sn-571,Durable|Reliable|Powerful,2026
hp-15-fd0303tu-i3-a2nl4pa,Modern|Compact,2024
pin-sac-du-phong-polymer-10000mah-khong-day-qi2-type-c-pd-20w-ugreen-pb763,Affordable,2022
sac-khong-day-magpro-2-in-1-15w-baseus-bs-w531,Well-designed,2023
adapter-sac-3-cong-usb-type-c-iq3-100w-anker-a2145,High-quality|Affordable|Durable|Versatile,2021
smile-kid-sl123-02-tre-em,High-quality|Well-designed|Affordable,2020
cap-type-c-type-c-1m-100w-baseus-dura-cb000121?utm_flashsale=1,Reliable|Powerful,2023
citizen-aw1216-86a-nam,User-friendly|Well-designed|Affordable,2026
elio-es134-02-nu?utm_flashsale=1,Versatile|User-friendly,2021
elio-el111-01-nu?utm_flashsale=1,High-quality|Affordable|Modern,2025
